Snapshot Date,The Market Hub #,Listing Channel: Listing Channel #,Zillow Snapshot: Zillow Snapshot Name,Listing Status,Days on Market,Views,Saves,Zillow Link
Tue May 05 2026 00:00:00 GMT-0500 (Central Daylight Time),L - 0855,LC - 3068,ZS-0142,,,,,https://www.zillow.com/homedetails/Blue-Stem-Dr-Elkhart-IL-62634/402862891_zpid/
Mon May 04 2026 00:00:00 GMT-0500 (Central Daylight Time),L - 0855,LC - 3068,ZS-0123,OTHER,,,,https://www.zillow.com/homedetails/Blue-Stem-Dr-Elkhart-IL-62634/402862891_zpid/
Sun May 03 2026 00:00:00 GMT-0500 (Central Daylight Time),L - 0855,LC - 3068,ZS-0104,OTHER,,,,https://www.zillow.com/homedetails/Blue-Stem-Dr-Elkhart-IL-62634/402862891_zpid/
Sat May 02 2026 00:00:00 GMT-0500 (Central Daylight Time),L - 0855,LC - 3068,ZS-0085,OTHER,,,,https://www.zillow.com/homedetails/Blue-Stem-Dr-Elkhart-IL-62634/402862891_zpid/
Fri May 01 2026 00:00:00 GMT-0500 (Central Daylight Time),L - 0855,LC - 3068,ZS-0066,OTHER,,,,https://www.zillow.com/homedetails/Blue-Stem-Dr-Elkhart-IL-62634/402862891_zpid/
Thu Apr 30 2026 00:00:00 GMT-0500 (Central Daylight Time),L - 0855,LC - 3068,ZS-0045,OTHER,,,,https://www.zillow.com/homedetails/Blue-Stem-Dr-Elkhart-IL-62634/402862891_zpid/
Wed Apr 29 2026 00:00:00 GMT-0500 (Central Daylight Time),L - 0855,LC - 3068,ZS-0023,OTHER,,,,https://www.zillow.com/homedetails/Blue-Stem-Dr-Elkhart-IL-62634/402862891_zpid/
Tue Apr 28 2026 00:00:00 GMT-0500 (Central Daylight Time),L - 0855,LC - 3068,ZS-0001,FOR_SALE,180,87,4,https://www.zillow.com/homedetails/Blue-Stem-Dr-Elkhart-IL-62634/402862891_zpid/
Tue Apr 28 2026 00:00:00 GMT-0500 (Central Daylight Time),L - 0866,LC - 5592,ZS-0002,OTHER,,,,"https://www.zillow.com/homes/326-County-Road-326-Yoakum,-TX-77995_rb/439590458_zpid/"
Wed Apr 29 2026 00:00:00 GMT-0500 (Central Daylight Time),L - 1110,LC - 6320,ZS-0024,OTHER,,,,https://www.zillow.com/homedetails/Breezy-Dr-Brownwood-TX-76801/443349895_zpid/
Tue Apr 28 2026 00:00:00 GMT-0500 (Central Daylight Time),L - 1110,LC - 6320,ZS-0003,OTHER,,,,https://www.zillow.com/homedetails/Breezy-Dr-Brownwood-TX-76801/443349895_zpid/
Tue May 12 2026 00:00:00 GMT-0500 (Central Daylight Time),L - 1259,LC - 8221,ZS-0273,FOR_SALE,96,246,19,https://www.zillow.com/homedetails/12020-Trailwood-Dr-Whitney-TX-76692/224888887_zpid/
Mon May 11 2026 00:00:00 GMT-0500 (Central Daylight Time),L - 1259,LC - 8221,ZS-0254,FOR_SALE,95,248,18,https://www.zillow.com/homedetails/12020-Trailwood-Dr-Whitney-TX-76692/224888887_zpid/
Sun May 10 2026 00:00:00 GMT-0500 (Central Daylight Time),L - 1259,LC - 8221,ZS-0235,FOR_SALE,94,248,18,https://www.zillow.com/homedetails/12020-Trailwood-Dr-Whitney-TX-76692/224888887_zpid/
Sat May 09 2026 00:00:00 GMT-0500 (Central Daylight Time),L - 1259,LC - 8221,ZS-0216,FOR_SALE,93,253,19,https://www.zillow.com/homedetails/12020-Trailwood-Dr-Whitney-TX-76692/224888887_zpid/
Fri May 08 2026 00:00:00 GMT-0500 (Central Daylight Time),L - 1259,LC - 8221,ZS-0197,FOR_SALE,92,255,19,https://www.zillow.com/homedetails/12020-Trailwood-Dr-Whitney-TX-76692/224888887_zpid/
Thu May 07 2026 00:00:00 GMT-0500 (Central Daylight Time),L - 1259,LC - 8221,ZS-0179,FOR_SALE,91,252,19,https://www.zillow.com/homedetails/12020-Trailwood-Dr-Whitney-TX-76692/224888887_zpid/
Wed May 06 2026 00:00:00 GMT-0500 (Central Daylight Time),L - 1259,LC - 8221,ZS-0161,FOR_SALE,90,240,17,https://www.zillow.com/homedetails/12020-Trailwood-Dr-Whitney-TX-76692/224888887_zpid/
Tue May 05 2026 00:00:00 GMT-0500 (Central Daylight Time),L - 1259,LC - 8221,ZS-0143,FOR_SALE,89,243,17,https://www.zillow.com/homedetails/12020-Trailwood-Dr-Whitney-TX-76692/224888887_zpid/
Mon May 04 2026 00:00:00 GMT-0500 (Central Daylight Time),L - 1259,LC - 8221,ZS-0124,FOR_SALE,88,245,17,https://www.zillow.com/homedetails/12020-Trailwood-Dr-Whitney-TX-76692/224888887_zpid/
Sun May 03 2026 00:00:00 GMT-0500 (Central Daylight Time),L - 1259,LC - 8221,ZS-0105,FOR_SALE,87,245,18,https://www.zillow.com/homedetails/12020-Trailwood-Dr-Whitney-TX-76692/224888887_zpid/
Sat May 02 2026 00:00:00 GMT-0500 (Central Daylight Time),L - 1259,LC - 8221,ZS-0086,FOR_SALE,86,242,17,https://www.zillow.com/homedetails/12020-Trailwood-Dr-Whitney-TX-76692/224888887_zpid/
Fri May 01 2026 00:00:00 GMT-0500 (Central Daylight Time),L - 1259,LC - 8221,ZS-0067,FOR_SALE,85,246,17,https://www.zillow.com/homedetails/12020-Trailwood-Dr-Whitney-TX-76692/224888887_zpid/
Thu Apr 30 2026 00:00:00 GMT-0500 (Central Daylight Time),L - 1259,LC - 8221,ZS-0046,FOR_SALE,84,231,16,https://www.zillow.com/homedetails/12020-Trailwood-Dr-Whitney-TX-76692/224888887_zpid/
Wed Apr 29 2026 00:00:00 GMT-0500 (Central Daylight Time),L - 1259,LC - 8221,ZS-0025,FOR_SALE,83,237,19,https://www.zillow.com/homedetails/12020-Trailwood-Dr-Whitney-TX-76692/224888887_zpid/
Tue Apr 28 2026 00:00:00 GMT-0500 (Central Daylight Time),L - 1259,LC - 8221,ZS-0004,FOR_SALE,82,238,18,https://www.zillow.com/homedetails/12020-Trailwood-Dr-Whitney-TX-76692/224888887_zpid/
Wed May 20 2026 00:00:00 GMT-0500 (Central Daylight Time),L - 1306,LC - 8549,ZS-0415,FOR_SALE,47,110,7,https://www.zillow.com/homedetails/0-N-3rd-St-150-Christine-TX-78012/461489094_zpid/
Tue May 19 2026 00:00:00 GMT-0500 (Central Daylight Time),L - 1306,LC - 8549,ZS-0397,FOR_SALE,46,112,8,https://www.zillow.com/homedetails/0-N-3rd-St-150-Christine-TX-78012/461489094_zpid/
Mon May 18 2026 00:00:00 GMT-0500 (Central Daylight Time),L - 1306,LC - 8549,ZS-0379,FOR_SALE,45,112,8,https://www.zillow.com/homedetails/0-N-3rd-St-150-Christine-TX-78012/461489094_zpid/
Sun May 17 2026 00:00:00 GMT-0500 (Central Daylight Time),L - 1306,LC - 8549,ZS-0362,FOR_SALE,44,116,10,https://www.zillow.com/homedetails/0-N-3rd-St-150-Christine-TX-78012/461489094_zpid/
Sat May 16 2026 00:00:00 GMT-0500 (Central Daylight Time),L - 1306,LC - 8549,ZS-0345,FOR_SALE,43,117,10,https://www.zillow.com/homedetails/0-N-3rd-St-150-Christine-TX-78012/461489094_zpid/
Fri May 15 2026 00:00:00 GMT-0500 (Central Daylight Time),L - 1306,LC - 8549,ZS-0328,FOR_SALE,42,116,10,https://www.zillow.com/homedetails/0-N-3rd-St-150-Christine-TX-78012/461489094_zpid/
Thu May 14 2026 00:00:00 GMT-0500 (Central Daylight Time),L - 1306,LC - 8549,ZS-0310,FOR_SALE,41,111,9,https://www.zillow.com/homedetails/0-N-3rd-St-150-Christine-TX-78012/461489094_zpid/
Wed May 13 2026 00:00:00 GMT-0500 (Central Daylight Time),L - 1306,LC - 8549,ZS-0292,FOR_SALE,40,109,9,https://www.zillow.com/homedetails/0-N-3rd-St-150-Christine-TX-78012/461489094_zpid/
Tue May 12 2026 00:00:00 GMT-0500 (Central Daylight Time),L - 1306,LC - 8549,ZS-0274,FOR_SALE,39,109,9,https://www.zillow.com/homedetails/0-N-3rd-St-150-Christine-TX-78012/461489094_zpid/
Mon May 11 2026 00:00:00 GMT-0500 (Central Daylight Time),L - 1306,LC - 8549,ZS-0255,FOR_SALE,38,106,9,https://www.zillow.com/homedetails/0-N-3rd-St-150-Christine-TX-78012/461489094_zpid/
Sun May 10 2026 00:00:00 GMT-0500 (Central Daylight Time),L - 1306,LC - 8549,ZS-0236,FOR_SALE,37,100,8,https://www.zillow.com/homedetails/0-N-3rd-St-150-Christine-TX-78012/461489094_zpid/
Sat May 09 2026 00:00:00 GMT-0500 (Central Daylight Time),L - 1306,LC - 8549,ZS-0217,FOR_SALE,36,99,8,https://www.zillow.com/homedetails/0-N-3rd-St-150-Christine-TX-78012/461489094_zpid/
Fri May 08 2026 00:00:00 GMT-0500 (Central Daylight Time),L - 1306,LC - 8549,ZS-0198,FOR_SALE,35,102,8,https://www.zillow.com/homedetails/0-N-3rd-St-150-Christine-TX-78012/461489094_zpid/
Thu May 07 2026 00:00:00 GMT-0500 (Central Daylight Time),L - 1306,LC - 8549,ZS-0180,FOR_SALE,34,104,8,https://www.zillow.com/homedetails/0-N-3rd-St-150-Christine-TX-78012/461489094_zpid/
Wed May 06 2026 00:00:00 GMT-0500 (Central Daylight Time),L - 1306,LC - 8549,ZS-0162,FOR_SALE,33,105,8,https://www.zillow.com/homedetails/0-N-3rd-St-150-Christine-TX-78012/461489094_zpid/
Tue May 05 2026 00:00:00 GMT-0500 (Central Daylight Time),L - 1306,LC - 8549,ZS-0144,FOR_SALE,32,111,9,https://www.zillow.com/homedetails/0-N-3rd-St-150-Christine-TX-78012/461489094_zpid/
Mon May 04 2026 00:00:00 GMT-0500 (Central Daylight Time),L - 1306,LC - 8549,ZS-0125,FOR_SALE,31,109,9,https://www.zillow.com/homedetails/0-N-3rd-St-150-Christine-TX-78012/461489094_zpid/
Sun May 03 2026 00:00:00 GMT-0500 (Central Daylight Time),L - 1306,LC - 8549,ZS-0106,FOR_SALE,30,111,10,https://www.zillow.com/homedetails/0-N-3rd-St-150-Christine-TX-78012/461489094_zpid/
Sat May 02 2026 00:00:00 GMT-0500 (Central Daylight Time),L - 1306,LC - 8549,ZS-0087,FOR_SALE,29,119,10,https://www.zillow.com/homedetails/0-N-3rd-St-150-Christine-TX-78012/461489094_zpid/
Fri May 01 2026 00:00:00 GMT-0500 (Central Daylight Time),L - 1306,LC - 8549,ZS-0068,FOR_SALE,28,115,8,https://www.zillow.com/homedetails/0-N-3rd-St-150-Christine-TX-78012/461489094_zpid/
Thu Apr 30 2026 00:00:00 GMT-0500 (Central Daylight Time),L - 1306,LC - 8549,ZS-0047,FOR_SALE,26,112,8,https://www.zillow.com/homedetails/0-N-3rd-St-150-Christine-TX-78012/461489094_zpid/
Wed Apr 29 2026 00:00:00 GMT-0500 (Central Daylight Time),L - 1306,LC - 8549,ZS-0026,FOR_SALE,26,110,8,https://www.zillow.com/homedetails/0-N-3rd-St-150-Christine-TX-78012/461489094_zpid/
Tue Apr 28 2026 00:00:00 GMT-0500 (Central Daylight Time),L - 1306,LC - 8549,ZS-0005,FOR_SALE,25,109,8,https://www.zillow.com/homedetails/0-N-3rd-St-150-Christine-TX-78012/461489094_zpid/
Wed May 20 2026 00:00:00 GMT-0500 (Central Daylight Time),L - 1386,LC - 9117,ZS-0416,FOR_SALE,56,445,36,https://www.zillow.com/homedetails/0-Valhalla-Dr-Cleveland-GA-30528/2102134951_zpid/
Tue May 19 2026 00:00:00 GMT-0500 (Central Daylight Time),L - 1386,LC - 9117,ZS-0398,FOR_SALE,55,467,38,https://www.zillow.com/homedetails/0-Valhalla-Dr-Cleveland-GA-30528/2102134951_zpid/
Mon May 18 2026 00:00:00 GMT-0500 (Central Daylight Time),L - 1386,LC - 9117,ZS-0380,FOR_SALE,54,476,37,https://www.zillow.com/homedetails/0-Valhalla-Dr-Cleveland-GA-30528/2102134951_zpid/
Sun May 17 2026 00:00:00 GMT-0500 (Central Daylight Time),L - 1386,LC - 9117,ZS-0363,FOR_SALE,53,464,39,https://www.zillow.com/homedetails/0-Valhalla-Dr-Cleveland-GA-30528/2102134951_zpid/
Sat May 16 2026 00:00:00 GMT-0500 (Central Daylight Time),L - 1386,LC - 9117,ZS-0346,FOR_SALE,52,467,38,https://www.zillow.com/homedetails/0-Valhalla-Dr-Cleveland-GA-30528/2102134951_zpid/
Fri May 15 2026 00:00:00 GMT-0500 (Central Daylight Time),L - 1386,LC - 9117,ZS-0329,FOR_SALE,51,510,43,https://www.zillow.com/homedetails/0-Valhalla-Dr-Cleveland-GA-30528/2102134951_zpid/
Thu May 14 2026 00:00:00 GMT-0500 (Central Daylight Time),L - 1386,LC - 9117,ZS-0311,FOR_SALE,50,499,43,https://www.zillow.com/homedetails/0-Valhalla-Dr-Cleveland-GA-30528/2102134951_zpid/
Wed May 13 2026 00:00:00 GMT-0500 (Central Daylight Time),L - 1386,LC - 9117,ZS-0293,FOR_SALE,49,508,43,https://www.zillow.com/homedetails/0-Valhalla-Dr-Cleveland-GA-30528/2102134951_zpid/
Tue May 12 2026 00:00:00 GMT-0500 (Central Daylight Time),L - 1386,LC - 9117,ZS-0275,FOR_SALE,48,509,42,https://www.zillow.com/homedetails/0-Valhalla-Dr-Cleveland-GA-30528/2102134951_zpid/
Mon May 11 2026 00:00:00 GMT-0500 (Central Daylight Time),L - 1386,LC - 9117,ZS-0256,FOR_SALE,47,513,44,https://www.zillow.com/homedetails/0-Valhalla-Dr-Cleveland-GA-30528/2102134951_zpid/
Sun May 10 2026 00:00:00 GMT-0500 (Central Daylight Time),L - 1386,LC - 9117,ZS-0237,FOR_SALE,46,515,44,https://www.zillow.com/homedetails/0-Valhalla-Dr-Cleveland-GA-30528/2102134951_zpid/
Sat May 09 2026 00:00:00 GMT-0500 (Central Daylight Time),L - 1386,LC - 9117,ZS-0218,FOR_SALE,45,521,42,https://www.zillow.com/homedetails/0-Valhalla-Dr-Cleveland-GA-30528/2102134951_zpid/
Fri May 08 2026 00:00:00 GMT-0500 (Central Daylight Time),L - 1386,LC - 9117,ZS-0199,FOR_SALE,44,546,44,https://www.zillow.com/homedetails/0-Valhalla-Dr-Cleveland-GA-30528/2102134951_zpid/
Thu May 07 2026 00:00:00 GMT-0500 (Central Daylight Time),L - 1386,LC - 9117,ZS-0181,FOR_SALE,43,547,42,https://www.zillow.com/homedetails/0-Valhalla-Dr-Cleveland-GA-30528/2102134951_zpid/
Wed May 06 2026 00:00:00 GMT-0500 (Central Daylight Time),L - 1386,LC - 9117,ZS-0163,FOR_SALE,42,541,41,https://www.zillow.com/homedetails/0-Valhalla-Dr-Cleveland-GA-30528/2102134951_zpid/
Tue May 05 2026 00:00:00 GMT-0500 (Central Daylight Time),L - 1386,LC - 9117,ZS-0145,FOR_SALE,41,539,41,https://www.zillow.com/homedetails/0-Valhalla-Dr-Cleveland-GA-30528/2102134951_zpid/
Mon May 04 2026 00:00:00 GMT-0500 (Central Daylight Time),L - 1386,LC - 9117,ZS-0126,FOR_SALE,40,535,40,https://www.zillow.com/homedetails/0-Valhalla-Dr-Cleveland-GA-30528/2102134951_zpid/
Sun May 03 2026 00:00:00 GMT-0500 (Central Daylight Time),L - 1386,LC - 9117,ZS-0107,FOR_SALE,39,523,40,https://www.zillow.com/homedetails/0-Valhalla-Dr-Cleveland-GA-30528/2102134951_zpid/
Sat May 02 2026 00:00:00 GMT-0500 (Central Daylight Time),L - 1386,LC - 9117,ZS-0088,FOR_SALE,38,509,40,https://www.zillow.com/homedetails/0-Valhalla-Dr-Cleveland-GA-30528/2102134951_zpid/
Fri May 01 2026 00:00:00 GMT-0500 (Central Daylight Time),L - 1386,LC - 9117,ZS-0069,FOR_SALE,37,505,37,https://www.zillow.com/homedetails/0-Valhalla-Dr-Cleveland-GA-30528/2102134951_zpid/
Thu Apr 30 2026 00:00:00 GMT-0500 (Central Daylight Time),L - 1386,LC - 9117,ZS-0048,FOR_SALE,36,503,37,https://www.zillow.com/homedetails/0-Valhalla-Dr-Cleveland-GA-30528/2102134951_zpid/
Wed Apr 29 2026 00:00:00 GMT-0500 (Central Daylight Time),L - 1386,LC - 9117,ZS-0027,FOR_SALE,35,499,38,https://www.zillow.com/homedetails/0-Valhalla-Dr-Cleveland-GA-30528/2102134951_zpid/
Tue Apr 28 2026 00:00:00 GMT-0500 (Central Daylight Time),L - 1386,LC - 9117,ZS-0006,FOR_SALE,34,493,38,https://www.zillow.com/homedetails/0-Valhalla-Dr-Cleveland-GA-30528/2102134951_zpid/
Wed May 20 2026 00:00:00 GMT-0500 (Central Daylight Time),L - 1409,LC - 9325,ZS-0417,FOR_SALE,126,32,2,https://www.zillow.com/homedetails/7768-Della-Bitta-Ln-Bokeelia-FL-33922/103342339_zpid/
Tue May 19 2026 00:00:00 GMT-0500 (Central Daylight Time),L - 1409,LC - 9325,ZS-0399,FOR_SALE,125,31,2,https://www.zillow.com/homedetails/7768-Della-Bitta-Ln-Bokeelia-FL-33922/103342339_zpid/
Mon May 18 2026 00:00:00 GMT-0500 (Central Daylight Time),L - 1409,LC - 9325,ZS-0381,FOR_SALE,124,30,2,https://www.zillow.com/homedetails/7768-Della-Bitta-Ln-Bokeelia-FL-33922/103342339_zpid/
Sun May 17 2026 00:00:00 GMT-0500 (Central Daylight Time),L - 1409,LC - 9325,ZS-0364,FOR_SALE,123,33,2,https://www.zillow.com/homedetails/7768-Della-Bitta-Ln-Bokeelia-FL-33922/103342339_zpid/
Sat May 16 2026 00:00:00 GMT-0500 (Central Daylight Time),L - 1409,LC - 9325,ZS-0347,FOR_SALE,122,33,2,https://www.zillow.com/homedetails/7768-Della-Bitta-Ln-Bokeelia-FL-33922/103342339_zpid/
Fri May 15 2026 00:00:00 GMT-0500 (Central Daylight Time),L - 1409,LC - 9325,ZS-0330,FOR_SALE,121,33,2,https://www.zillow.com/homedetails/7768-Della-Bitta-Ln-Bokeelia-FL-33922/103342339_zpid/
Thu May 14 2026 00:00:00 GMT-0500 (Central Daylight Time),L - 1409,LC - 9325,ZS-0312,FOR_SALE,120,35,2,https://www.zillow.com/homedetails/7768-Della-Bitta-Ln-Bokeelia-FL-33922/103342339_zpid/
Wed May 13 2026 00:00:00 GMT-0500 (Central Daylight Time),L - 1409,LC - 9325,ZS-0294,FOR_SALE,119,35,2,https://www.zillow.com/homedetails/7768-Della-Bitta-Ln-Bokeelia-FL-33922/103342339_zpid/
Tue May 12 2026 00:00:00 GMT-0500 (Central Daylight Time),L - 1409,LC - 9325,ZS-0276,FOR_SALE,118,33,2,https://www.zillow.com/homedetails/7768-Della-Bitta-Ln-Bokeelia-FL-33922/103342339_zpid/
Mon May 11 2026 00:00:00 GMT-0500 (Central Daylight Time),L - 1409,LC - 9325,ZS-0257,FOR_SALE,117,34,2,https://www.zillow.com/homedetails/7768-Della-Bitta-Ln-Bokeelia-FL-33922/103342339_zpid/
Sun May 10 2026 00:00:00 GMT-0500 (Central Daylight Time),L - 1409,LC - 9325,ZS-0238,FOR_SALE,116,32,2,https://www.zillow.com/homedetails/7768-Della-Bitta-Ln-Bokeelia-FL-33922/103342339_zpid/
Sat May 09 2026 00:00:00 GMT-0500 (Central Daylight Time),L - 1409,LC - 9325,ZS-0219,FOR_SALE,115,32,2,https://www.zillow.com/homedetails/7768-Della-Bitta-Ln-Bokeelia-FL-33922/103342339_zpid/
Fri May 08 2026 00:00:00 GMT-0500 (Central Daylight Time),L - 1409,LC - 9325,ZS-0200,FOR_SALE,114,46,3,https://www.zillow.com/homedetails/7768-Della-Bitta-Ln-Bokeelia-FL-33922/103342339_zpid/
Thu May 07 2026 00:00:00 GMT-0500 (Central Daylight Time),L - 1409,LC - 9325,ZS-0182,FOR_SALE,113,45,2,https://www.zillow.com/homedetails/7768-Della-Bitta-Ln-Bokeelia-FL-33922/103342339_zpid/
Wed May 06 2026 00:00:00 GMT-0500 (Central Daylight Time),L - 1409,LC - 9325,ZS-0164,FOR_SALE,112,46,2,https://www.zillow.com/homedetails/7768-Della-Bitta-Ln-Bokeelia-FL-33922/103342339_zpid/
Tue May 05 2026 00:00:00 GMT-0500 (Central Daylight Time),L - 1409,LC - 9325,ZS-0146,FOR_SALE,111,46,2,https://www.zillow.com/homedetails/7768-Della-Bitta-Ln-Bokeelia-FL-33922/103342339_zpid/
Mon May 04 2026 00:00:00 GMT-0500 (Central Daylight Time),L - 1409,LC - 9325,ZS-0127,FOR_SALE,110,45,2,https://www.zillow.com/homedetails/7768-Della-Bitta-Ln-Bokeelia-FL-33922/103342339_zpid/
Sun May 03 2026 00:00:00 GMT-0500 (Central Daylight Time),L - 1409,LC - 9325,ZS-0108,FOR_SALE,109,50,3,https://www.zillow.com/homedetails/7768-Della-Bitta-Ln-Bokeelia-FL-33922/103342339_zpid/
Sat May 02 2026 00:00:00 GMT-0500 (Central Daylight Time),L - 1409,LC - 9325,ZS-0089,FOR_SALE,108,51,3,https://www.zillow.com/homedetails/7768-Della-Bitta-Ln-Bokeelia-FL-33922/103342339_zpid/
Fri May 01 2026 00:00:00 GMT-0500 (Central Daylight Time),L - 1409,LC - 9325,ZS-0070,FOR_SALE,107,60,3,https://www.zillow.com/homedetails/7768-Della-Bitta-Ln-Bokeelia-FL-33922/103342339_zpid/
Thu Apr 30 2026 00:00:00 GMT-0500 (Central Daylight Time),L - 1409,LC - 9325,ZS-0049,FOR_SALE,106,61,3,https://www.zillow.com/homedetails/7768-Della-Bitta-Ln-Bokeelia-FL-33922/103342339_zpid/
Wed Apr 29 2026 00:00:00 GMT-0500 (Central Daylight Time),L - 1409,LC - 9325,ZS-0028,FOR_SALE,105,60,3,https://www.zillow.com/homedetails/7768-Della-Bitta-Ln-Bokeelia-FL-33922/103342339_zpid/
Tue Apr 28 2026 00:00:00 GMT-0500 (Central Daylight Time),L - 1409,LC - 9325,ZS-0007,FOR_SALE,104,62,3,https://www.zillow.com/homedetails/7768-Della-Bitta-Ln-Bokeelia-FL-33922/103342339_zpid/
Tue May 19 2026 00:00:00 GMT-0500 (Central Daylight Time),L - 1410,LC - 9340,ZS-0400,FOR_SALE,84,424,22,https://www.zillow.com/homedetails/S-Medical-Lake-Rd-Medical-Lake-WA-99022/2054277710_zpid/?
Mon May 18 2026 00:00:00 GMT-0500 (Central Daylight Time),L - 1410,LC - 9340,ZS-0382,FOR_SALE,83,425,23,https://www.zillow.com/homedetails/S-Medical-Lake-Rd-Medical-Lake-WA-99022/2054277710_zpid/?
Sun May 17 2026 00:00:00 GMT-0500 (Central Daylight Time),L - 1410,LC - 9340,ZS-0365,FOR_SALE,82,415,22,https://www.zillow.com/homedetails/S-Medical-Lake-Rd-Medical-Lake-WA-99022/2054277710_zpid/?
Sat May 16 2026 00:00:00 GMT-0500 (Central Daylight Time),L - 1410,LC - 9340,ZS-0348,FOR_SALE,81,410,21,https://www.zillow.com/homedetails/S-Medical-Lake-Rd-Medical-Lake-WA-99022/2054277710_zpid/?
Fri May 15 2026 00:00:00 GMT-0500 (Central Daylight Time),L - 1410,LC - 9340,ZS-0331,FOR_SALE,80,405,21,https://www.zillow.com/homedetails/S-Medical-Lake-Rd-Medical-Lake-WA-99022/2054277710_zpid/?
Thu May 14 2026 00:00:00 GMT-0500 (Central Daylight Time),L - 1410,LC - 9340,ZS-0313,FOR_SALE,79,426,22,https://www.zillow.com/homedetails/S-Medical-Lake-Rd-Medical-Lake-WA-99022/2054277710_zpid/?
Wed May 13 2026 00:00:00 GMT-0500 (Central Daylight Time),L - 1410,LC - 9340,ZS-0295,FOR_SALE,78,439,23,https://www.zillow.com/homedetails/S-Medical-Lake-Rd-Medical-Lake-WA-99022/2054277710_zpid/?
Tue May 12 2026 00:00:00 GMT-0500 (Central Daylight Time),L - 1410,LC - 9340,ZS-0277,FOR_SALE,77,440,23,https://www.zillow.com/homedetails/S-Medical-Lake-Rd-Medical-Lake-WA-99022/2054277710_zpid/?
Mon May 11 2026 00:00:00 GMT-0500 (Central Daylight Time),L - 1410,LC - 9340,ZS-0258,FOR_SALE,76,441,21,https://www.zillow.com/homedetails/S-Medical-Lake-Rd-Medical-Lake-WA-99022/2054277710_zpid/?
Sun May 10 2026 00:00:00 GMT-0500 (Central Daylight Time),L - 1410,LC - 9340,ZS-0239,FOR_SALE,75,441,22,https://www.zillow.com/homedetails/S-Medical-Lake-Rd-Medical-Lake-WA-99022/2054277710_zpid/?
Sat May 09 2026 00:00:00 GMT-0500 (Central Daylight Time),L - 1410,LC - 9340,ZS-0220,FOR_SALE,74,452,23,https://www.zillow.com/homedetails/S-Medical-Lake-Rd-Medical-Lake-WA-99022/2054277710_zpid/?
Fri May 08 2026 00:00:00 GMT-0500 (Central Daylight Time),L - 1410,LC - 9340,ZS-0201,FOR_SALE,73,471,27,https://www.zillow.com/homedetails/S-Medical-Lake-Rd-Medical-Lake-WA-99022/2054277710_zpid/?
Thu May 07 2026 00:00:00 GMT-0500 (Central Daylight Time),L - 1410,LC - 9340,ZS-0183,FOR_SALE,72,477,28,https://www.zillow.com/homedetails/S-Medical-Lake-Rd-Medical-Lake-WA-99022/2054277710_zpid/?
Wed May 06 2026 00:00:00 GMT-0500 (Central Daylight Time),L - 1410,LC - 9340,ZS-0165,FOR_SALE,71,485,28,https://www.zillow.com/homedetails/S-Medical-Lake-Rd-Medical-Lake-WA-99022/2054277710_zpid/?
Tue May 05 2026 00:00:00 GMT-0500 (Central Daylight Time),L - 1410,LC - 9340,ZS-0147,FOR_SALE,70,493,28,https://www.zillow.com/homedetails/S-Medical-Lake-Rd-Medical-Lake-WA-99022/2054277710_zpid/?
Mon May 04 2026 00:00:00 GMT-0500 (Central Daylight Time),L - 1410,LC - 9340,ZS-0128,FOR_SALE,69,495,28,https://www.zillow.com/homedetails/S-Medical-Lake-Rd-Medical-Lake-WA-99022/2054277710_zpid/?
Sun May 03 2026 00:00:00 GMT-0500 (Central Daylight Time),L - 1410,LC - 9340,ZS-0109,FOR_SALE,68,481,28,https://www.zillow.com/homedetails/S-Medical-Lake-Rd-Medical-Lake-WA-99022/2054277710_zpid/?
Sat May 02 2026 00:00:00 GMT-0500 (Central Daylight Time),L - 1410,LC - 9340,ZS-0090,FOR_SALE,67,488,29,https://www.zillow.com/homedetails/S-Medical-Lake-Rd-Medical-Lake-WA-99022/2054277710_zpid/?
Fri May 01 2026 00:00:00 GMT-0500 (Central Daylight Time),L - 1410,LC - 9340,ZS-0071,FOR_SALE,66,492,30,https://www.zillow.com/homedetails/S-Medical-Lake-Rd-Medical-Lake-WA-99022/2054277710_zpid/?
Thu Apr 30 2026 00:00:00 GMT-0500 (Central Daylight Time),L - 1410,LC - 9340,ZS-0050,FOR_SALE,65,490,30,https://www.zillow.com/homedetails/S-Medical-Lake-Rd-Medical-Lake-WA-99022/2054277710_zpid/?
Wed Apr 29 2026 00:00:00 GMT-0500 (Central Daylight Time),L - 1410,LC - 9340,ZS-0029,FOR_SALE,64,491,29,https://www.zillow.com/homedetails/S-Medical-Lake-Rd-Medical-Lake-WA-99022/2054277710_zpid/?
Tue Apr 28 2026 00:00:00 GMT-0500 (Central Daylight Time),L - 1410,LC - 9340,ZS-0008,FOR_SALE,63,509,32,https://www.zillow.com/homedetails/S-Medical-Lake-Rd-Medical-Lake-WA-99022/2054277710_zpid/?
Sun May 10 2026 00:00:00 GMT-0500 (Central Daylight Time),L - 1414,LC - 9376,ZS-0240,FOR_SALE,58,621,47,https://www.zillow.com/homedetails/108-Wadley-St-Sylvania-GA-30467/235448213_zpid/
Sat May 09 2026 00:00:00 GMT-0500 (Central Daylight Time),L - 1414,LC - 9376,ZS-0221,FOR_SALE,57,613,47,https://www.zillow.com/homedetails/108-Wadley-St-Sylvania-GA-30467/235448213_zpid/
Fri May 08 2026 00:00:00 GMT-0500 (Central Daylight Time),L - 1414,LC - 9376,ZS-0202,FOR_SALE,56,642,48,https://www.zillow.com/homedetails/108-Wadley-St-Sylvania-GA-30467/235448213_zpid/
Thu May 07 2026 00:00:00 GMT-0500 (Central Daylight Time),L - 1414,LC - 9376,ZS-0184,FOR_SALE,55,637,49,https://www.zillow.com/homedetails/108-Wadley-St-Sylvania-GA-30467/235448213_zpid/
Wed May 06 2026 00:00:00 GMT-0500 (Central Daylight Time),L - 1414,LC - 9376,ZS-0166,FOR_SALE,54,619,47,https://www.zillow.com/homedetails/108-Wadley-St-Sylvania-GA-30467/235448213_zpid/
Tue May 05 2026 00:00:00 GMT-0500 (Central Daylight Time),L - 1414,LC - 9376,ZS-0148,FOR_SALE,53,620,46,https://www.zillow.com/homedetails/108-Wadley-St-Sylvania-GA-30467/235448213_zpid/
Mon May 04 2026 00:00:00 GMT-0500 (Central Daylight Time),L - 1414,LC - 9376,ZS-0129,FOR_SALE,52,620,48,https://www.zillow.com/homedetails/108-Wadley-St-Sylvania-GA-30467/235448213_zpid/
Sun May 03 2026 00:00:00 GMT-0500 (Central Daylight Time),L - 1414,LC - 9376,ZS-0110,FOR_SALE,51,619,47,https://www.zillow.com/homedetails/108-Wadley-St-Sylvania-GA-30467/235448213_zpid/
Sat May 02 2026 00:00:00 GMT-0500 (Central Daylight Time),L - 1414,LC - 9376,ZS-0091,FOR_SALE,50,632,50,https://www.zillow.com/homedetails/108-Wadley-St-Sylvania-GA-30467/235448213_zpid/
Fri May 01 2026 00:00:00 GMT-0500 (Central Daylight Time),L - 1414,LC - 9376,ZS-0072,FOR_SALE,49,637,49,https://www.zillow.com/homedetails/108-Wadley-St-Sylvania-GA-30467/235448213_zpid/
Thu Apr 30 2026 00:00:00 GMT-0500 (Central Daylight Time),L - 1414,LC - 9376,ZS-0051,FOR_SALE,48,613,51,https://www.zillow.com/homedetails/108-Wadley-St-Sylvania-GA-30467/235448213_zpid/
Wed Apr 29 2026 00:00:00 GMT-0500 (Central Daylight Time),L - 1414,LC - 9376,ZS-0030,FOR_SALE,47,607,51,https://www.zillow.com/homedetails/108-Wadley-St-Sylvania-GA-30467/235448213_zpid/
Tue Apr 28 2026 00:00:00 GMT-0500 (Central Daylight Time),L - 1414,LC - 9376,ZS-0009,FOR_SALE,46,592,50,https://www.zillow.com/homedetails/108-Wadley-St-Sylvania-GA-30467/235448213_zpid/
Wed May 20 2026 00:00:00 GMT-0500 (Central Daylight Time),L - 1420,LC - 9431,ZS-0418,FOR_SALE,72,235,15,https://www.zillow.com/homedetails/8014-Jersey-Rd-Salisbury-MD-21801/64792634_zpid/
Tue May 19 2026 00:00:00 GMT-0500 (Central Daylight Time),L - 1420,LC - 9431,ZS-0401,FOR_SALE,71,240,15,https://www.zillow.com/homedetails/8014-Jersey-Rd-Salisbury-MD-21801/64792634_zpid/
Mon May 18 2026 00:00:00 GMT-0500 (Central Daylight Time),L - 1420,LC - 9431,ZS-0383,FOR_SALE,70,251,15,https://www.zillow.com/homedetails/8014-Jersey-Rd-Salisbury-MD-21801/64792634_zpid/
Sun May 17 2026 00:00:00 GMT-0500 (Central Daylight Time),L - 1420,LC - 9431,ZS-0366,FOR_SALE,69,245,15,https://www.zillow.com/homedetails/8014-Jersey-Rd-Salisbury-MD-21801/64792634_zpid/
Sat May 16 2026 00:00:00 GMT-0500 (Central Daylight Time),L - 1420,LC - 9431,ZS-0349,FOR_SALE,68,244,16,https://www.zillow.com/homedetails/8014-Jersey-Rd-Salisbury-MD-21801/64792634_zpid/
Fri May 15 2026 00:00:00 GMT-0500 (Central Daylight Time),L - 1420,LC - 9431,ZS-0332,FOR_SALE,67,242,16,https://www.zillow.com/homedetails/8014-Jersey-Rd-Salisbury-MD-21801/64792634_zpid/
Thu May 14 2026 00:00:00 GMT-0500 (Central Daylight Time),L - 1420,LC - 9431,ZS-0314,FOR_SALE,66,245,17,https://www.zillow.com/homedetails/8014-Jersey-Rd-Salisbury-MD-21801/64792634_zpid/
Wed May 13 2026 00:00:00 GMT-0500 (Central Daylight Time),L - 1420,LC - 9431,ZS-0296,FOR_SALE,65,252,17,https://www.zillow.com/homedetails/8014-Jersey-Rd-Salisbury-MD-21801/64792634_zpid/
Tue May 12 2026 00:00:00 GMT-0500 (Central Daylight Time),L - 1420,LC - 9431,ZS-0278,FOR_SALE,64,243,15,https://www.zillow.com/homedetails/8014-Jersey-Rd-Salisbury-MD-21801/64792634_zpid/
Mon May 11 2026 00:00:00 GMT-0500 (Central Daylight Time),L - 1420,LC - 9431,ZS-0259,FOR_SALE,63,242,15,https://www.zillow.com/homedetails/8014-Jersey-Rd-Salisbury-MD-21801/64792634_zpid/
Sun May 10 2026 00:00:00 GMT-0500 (Central Daylight Time),L - 1420,LC - 9431,ZS-0241,FOR_SALE,62,243,15,https://www.zillow.com/homedetails/8014-Jersey-Rd-Salisbury-MD-21801/64792634_zpid/
Sat May 09 2026 00:00:00 GMT-0500 (Central Daylight Time),L - 1420,LC - 9431,ZS-0222,FOR_SALE,61,241,18,https://www.zillow.com/homedetails/8014-Jersey-Rd-Salisbury-MD-21801/64792634_zpid/
Fri May 08 2026 00:00:00 GMT-0500 (Central Daylight Time),L - 1420,LC - 9431,ZS-0203,FOR_SALE,60,249,18,https://www.zillow.com/homedetails/8014-Jersey-Rd-Salisbury-MD-21801/64792634_zpid/
Thu May 07 2026 00:00:00 GMT-0500 (Central Daylight Time),L - 1420,LC - 9431,ZS-0185,FOR_SALE,59,260,19,https://www.zillow.com/homedetails/8014-Jersey-Rd-Salisbury-MD-21801/64792634_zpid/
Wed May 06 2026 00:00:00 GMT-0500 (Central Daylight Time),L - 1420,LC - 9431,ZS-0167,FOR_SALE,58,246,17,https://www.zillow.com/homedetails/8014-Jersey-Rd-Salisbury-MD-21801/64792634_zpid/
Tue May 05 2026 00:00:00 GMT-0500 (Central Daylight Time),L - 1420,LC - 9431,ZS-0149,FOR_SALE,57,250,16,https://www.zillow.com/homedetails/8014-Jersey-Rd-Salisbury-MD-21801/64792634_zpid/
Mon May 04 2026 00:00:00 GMT-0500 (Central Daylight Time),L - 1420,LC - 9431,ZS-0130,FOR_SALE,56,243,16,https://www.zillow.com/homedetails/8014-Jersey-Rd-Salisbury-MD-21801/64792634_zpid/
Sun May 03 2026 00:00:00 GMT-0500 (Central Daylight Time),L - 1420,LC - 9431,ZS-0111,FOR_SALE,55,240,16,https://www.zillow.com/homedetails/8014-Jersey-Rd-Salisbury-MD-21801/64792634_zpid/
Sat May 02 2026 00:00:00 GMT-0500 (Central Daylight Time),L - 1420,LC - 9431,ZS-0092,FOR_SALE,54,238,18,https://www.zillow.com/homedetails/8014-Jersey-Rd-Salisbury-MD-21801/64792634_zpid/
Fri May 01 2026 00:00:00 GMT-0500 (Central Daylight Time),L - 1420,LC - 9431,ZS-0073,FOR_SALE,53,231,18,https://www.zillow.com/homedetails/8014-Jersey-Rd-Salisbury-MD-21801/64792634_zpid/
Thu Apr 30 2026 00:00:00 GMT-0500 (Central Daylight Time),L - 1420,LC - 9431,ZS-0052,FOR_SALE,52,224,17,https://www.zillow.com/homedetails/8014-Jersey-Rd-Salisbury-MD-21801/64792634_zpid/
Wed Apr 29 2026 00:00:00 GMT-0500 (Central Daylight Time),L - 1420,LC - 9431,ZS-0031,FOR_SALE,51,212,17,https://www.zillow.com/homedetails/8014-Jersey-Rd-Salisbury-MD-21801/64792634_zpid/
Tue Apr 28 2026 00:00:00 GMT-0500 (Central Daylight Time),L - 1420,LC - 9431,ZS-0010,FOR_SALE,50,216,18,https://www.zillow.com/homedetails/8014-Jersey-Rd-Salisbury-MD-21801/64792634_zpid/
Wed May 20 2026 00:00:00 GMT-0500 (Central Daylight Time),L - 1424,LC - 9457,ZS-0420,FOR_SALE,69,407,16,https://www.zillow.com/homedetails/2-Hidden-Creek-Rd-Ferguson-NC-28624/461009813_zpid/
Tue May 19 2026 00:00:00 GMT-0500 (Central Daylight Time),L - 1424,LC - 9457,ZS-0403,FOR_SALE,68,403,17,https://www.zillow.com/homedetails/2-Hidden-Creek-Rd-Ferguson-NC-28624/461009813_zpid/
Mon May 18 2026 00:00:00 GMT-0500 (Central Daylight Time),L - 1424,LC - 9457,ZS-0385,FOR_SALE,67,398,17,https://www.zillow.com/homedetails/2-Hidden-Creek-Rd-Ferguson-NC-28624/461009813_zpid/
Sun May 17 2026 00:00:00 GMT-0500 (Central Daylight Time),L - 1424,LC - 9457,ZS-0368,FOR_SALE,66,399,18,https://www.zillow.com/homedetails/2-Hidden-Creek-Rd-Ferguson-NC-28624/461009813_zpid/
Sat May 16 2026 00:00:00 GMT-0500 (Central Daylight Time),L - 1424,LC - 9457,ZS-0351,FOR_SALE,65,395,17,https://www.zillow.com/homedetails/2-Hidden-Creek-Rd-Ferguson-NC-28624/461009813_zpid/
Fri May 15 2026 00:00:00 GMT-0500 (Central Daylight Time),L - 1424,LC - 9457,ZS-0334,FOR_SALE,64,390,17,https://www.zillow.com/homedetails/2-Hidden-Creek-Rd-Ferguson-NC-28624/461009813_zpid/
Thu May 14 2026 00:00:00 GMT-0500 (Central Daylight Time),L - 1424,LC - 9457,ZS-0316,FOR_SALE,63,382,17,https://www.zillow.com/homedetails/2-Hidden-Creek-Rd-Ferguson-NC-28624/461009813_zpid/
Wed May 13 2026 00:00:00 GMT-0500 (Central Daylight Time),L - 1424,LC - 9457,ZS-0298,FOR_SALE,62,379,19,https://www.zillow.com/homedetails/2-Hidden-Creek-Rd-Ferguson-NC-28624/461009813_zpid/
Tue May 12 2026 00:00:00 GMT-0500 (Central Daylight Time),L - 1424,LC - 9457,ZS-0280,FOR_SALE,61,366,18,https://www.zillow.com/homedetails/2-Hidden-Creek-Rd-Ferguson-NC-28624/461009813_zpid/
Mon May 11 2026 00:00:00 GMT-0500 (Central Daylight Time),L - 1424,LC - 9457,ZS-0261,FOR_SALE,60,364,19,https://www.zillow.com/homedetails/2-Hidden-Creek-Rd-Ferguson-NC-28624/461009813_zpid/
Sun May 10 2026 00:00:00 GMT-0500 (Central Daylight Time),L - 1424,LC - 9457,ZS-0243,FOR_SALE,59,359,19,https://www.zillow.com/homedetails/2-Hidden-Creek-Rd-Ferguson-NC-28624/461009813_zpid/
Sat May 09 2026 00:00:00 GMT-0500 (Central Daylight Time),L - 1424,LC - 9457,ZS-0224,FOR_SALE,58,356,18,https://www.zillow.com/homedetails/2-Hidden-Creek-Rd-Ferguson-NC-28624/461009813_zpid/
Fri May 08 2026 00:00:00 GMT-0500 (Central Daylight Time),L - 1424,LC - 9457,ZS-0205,FOR_SALE,57,349,18,https://www.zillow.com/homedetails/2-Hidden-Creek-Rd-Ferguson-NC-28624/461009813_zpid/
Thu May 07 2026 00:00:00 GMT-0500 (Central Daylight Time),L - 1424,LC - 9457,ZS-0187,FOR_SALE,56,344,19,https://www.zillow.com/homedetails/2-Hidden-Creek-Rd-Ferguson-NC-28624/461009813_zpid/
Wed May 06 2026 00:00:00 GMT-0500 (Central Daylight Time),L - 1424,LC - 9457,ZS-0169,FOR_SALE,55,319,19,https://www.zillow.com/homedetails/2-Hidden-Creek-Rd-Ferguson-NC-28624/461009813_zpid/
Tue May 05 2026 00:00:00 GMT-0500 (Central Daylight Time),L - 1424,LC - 9457,ZS-0151,FOR_SALE,54,326,17,https://www.zillow.com/homedetails/2-Hidden-Creek-Rd-Ferguson-NC-28624/461009813_zpid/
Mon May 04 2026 00:00:00 GMT-0500 (Central Daylight Time),L - 1424,LC - 9457,ZS-0132,FOR_SALE,53,335,17,https://www.zillow.com/homedetails/2-Hidden-Creek-Rd-Ferguson-NC-28624/461009813_zpid/
Sun May 03 2026 00:00:00 GMT-0500 (Central Daylight Time),L - 1424,LC - 9457,ZS-0113,FOR_SALE,52,333,17,https://www.zillow.com/homedetails/2-Hidden-Creek-Rd-Ferguson-NC-28624/461009813_zpid/
Sat May 02 2026 00:00:00 GMT-0500 (Central Daylight Time),L - 1424,LC - 9457,ZS-0094,FOR_SALE,51,340,15,https://www.zillow.com/homedetails/2-Hidden-Creek-Rd-Ferguson-NC-28624/461009813_zpid/
Fri May 01 2026 00:00:00 GMT-0500 (Central Daylight Time),L - 1424,LC - 9457,ZS-0075,FOR_SALE,50,349,14,https://www.zillow.com/homedetails/2-Hidden-Creek-Rd-Ferguson-NC-28624/461009813_zpid/
Thu Apr 30 2026 00:00:00 GMT-0500 (Central Daylight Time),L - 1424,LC - 9457,ZS-0054,FOR_SALE,49,329,16,https://www.zillow.com/homedetails/2-Hidden-Creek-Rd-Ferguson-NC-28624/461009813_zpid/
Wed Apr 29 2026 00:00:00 GMT-0500 (Central Daylight Time),L - 1424,LC - 9457,ZS-0033,FOR_SALE,48,315,15,https://www.zillow.com/homedetails/2-Hidden-Creek-Rd-Ferguson-NC-28624/461009813_zpid/
Tue Apr 28 2026 00:00:00 GMT-0500 (Central Daylight Time),L - 1424,LC - 9457,ZS-0012,FOR_SALE,47,319,15,https://www.zillow.com/homedetails/2-Hidden-Creek-Rd-Ferguson-NC-28624/461009813_zpid/
Wed May 20 2026 00:00:00 GMT-0500 (Central Daylight Time),L - 1423,LC - 9453,ZS-0419,FOR_SALE,68,340,42,https://www.zillow.com/homedetails/0-County-Road-4557-Bivins-TX-75555/461000405_zpid/
Tue May 19 2026 00:00:00 GMT-0500 (Central Daylight Time),L - 1423,LC - 9453,ZS-0402,FOR_SALE,67,337,43,https://www.zillow.com/homedetails/0-County-Road-4557-Bivins-TX-75555/461000405_zpid/
Mon May 18 2026 00:00:00 GMT-0500 (Central Daylight Time),L - 1423,LC - 9453,ZS-0384,FOR_SALE,66,320,41,https://www.zillow.com/homedetails/0-County-Road-4557-Bivins-TX-75555/461000405_zpid/
Sun May 17 2026 00:00:00 GMT-0500 (Central Daylight Time),L - 1423,LC - 9453,ZS-0367,FOR_SALE,65,310,40,https://www.zillow.com/homedetails/0-County-Road-4557-Bivins-TX-75555/461000405_zpid/
Sat May 16 2026 00:00:00 GMT-0500 (Central Daylight Time),L - 1423,LC - 9453,ZS-0350,FOR_SALE,64,316,40,https://www.zillow.com/homedetails/0-County-Road-4557-Bivins-TX-75555/461000405_zpid/
Fri May 15 2026 00:00:00 GMT-0500 (Central Daylight Time),L - 1423,LC - 9453,ZS-0333,FOR_SALE,63,315,41,https://www.zillow.com/homedetails/0-County-Road-4557-Bivins-TX-75555/461000405_zpid/
Thu May 14 2026 00:00:00 GMT-0500 (Central Daylight Time),L - 1423,LC - 9453,ZS-0315,FOR_SALE,62,306,40,https://www.zillow.com/homedetails/0-County-Road-4557-Bivins-TX-75555/461000405_zpid/
Wed May 13 2026 00:00:00 GMT-0500 (Central Daylight Time),L - 1423,LC - 9453,ZS-0297,FOR_SALE,61,300,39,https://www.zillow.com/homedetails/0-County-Road-4557-Bivins-TX-75555/461000405_zpid/
Tue May 12 2026 00:00:00 GMT-0500 (Central Daylight Time),L - 1423,LC - 9453,ZS-0279,FOR_SALE,60,291,38,https://www.zillow.com/homedetails/0-County-Road-4557-Bivins-TX-75555/461000405_zpid/
Mon May 11 2026 00:00:00 GMT-0500 (Central Daylight Time),L - 1423,LC - 9453,ZS-0260,FOR_SALE,59,284,37,https://www.zillow.com/homedetails/0-County-Road-4557-Bivins-TX-75555/461000405_zpid/
Sun May 10 2026 00:00:00 GMT-0500 (Central Daylight Time),L - 1423,LC - 9453,ZS-0242,FOR_SALE,58,273,33,https://www.zillow.com/homedetails/0-County-Road-4557-Bivins-TX-75555/461000405_zpid/
Sat May 09 2026 00:00:00 GMT-0500 (Central Daylight Time),L - 1423,LC - 9453,ZS-0223,FOR_SALE,57,262,31,https://www.zillow.com/homedetails/0-County-Road-4557-Bivins-TX-75555/461000405_zpid/
Fri May 08 2026 00:00:00 GMT-0500 (Central Daylight Time),L - 1423,LC - 9453,ZS-0204,FOR_SALE,56,258,30,https://www.zillow.com/homedetails/0-County-Road-4557-Bivins-TX-75555/461000405_zpid/
Thu May 07 2026 00:00:00 GMT-0500 (Central Daylight Time),L - 1423,LC - 9453,ZS-0186,FOR_SALE,55,248,28,https://www.zillow.com/homedetails/0-County-Road-4557-Bivins-TX-75555/461000405_zpid/
Wed May 06 2026 00:00:00 GMT-0500 (Central Daylight Time),L - 1423,LC - 9453,ZS-0168,FOR_SALE,54,234,28,https://www.zillow.com/homedetails/0-County-Road-4557-Bivins-TX-75555/461000405_zpid/
Tue May 05 2026 00:00:00 GMT-0500 (Central Daylight Time),L - 1423,LC - 9453,ZS-0150,FOR_SALE,53,243,28,https://www.zillow.com/homedetails/0-County-Road-4557-Bivins-TX-75555/461000405_zpid/
Mon May 04 2026 00:00:00 GMT-0500 (Central Daylight Time),L - 1423,LC - 9453,ZS-0131,FOR_SALE,52,241,29,https://www.zillow.com/homedetails/0-County-Road-4557-Bivins-TX-75555/461000405_zpid/
Sun May 03 2026 00:00:00 GMT-0500 (Central Daylight Time),L - 1423,LC - 9453,ZS-0112,FOR_SALE,51,235,28,https://www.zillow.com/homedetails/0-County-Road-4557-Bivins-TX-75555/461000405_zpid/
Sat May 02 2026 00:00:00 GMT-0500 (Central Daylight Time),L - 1423,LC - 9453,ZS-0093,FOR_SALE,50,259,29,https://www.zillow.com/homedetails/0-County-Road-4557-Bivins-TX-75555/461000405_zpid/
Fri May 01 2026 00:00:00 GMT-0500 (Central Daylight Time),L - 1423,LC - 9453,ZS-0074,FOR_SALE,49,253,29,https://www.zillow.com/homedetails/0-County-Road-4557-Bivins-TX-75555/461000405_zpid/
Thu Apr 30 2026 00:00:00 GMT-0500 (Central Daylight Time),L - 1423,LC - 9453,ZS-0053,FOR_SALE,48,222,25,https://www.zillow.com/homedetails/0-County-Road-4557-Bivins-TX-75555/461000405_zpid/
Wed Apr 29 2026 00:00:00 GMT-0500 (Central Daylight Time),L - 1423,LC - 9453,ZS-0032,FOR_SALE,47,217,22,https://www.zillow.com/homedetails/0-County-Road-4557-Bivins-TX-75555/461000405_zpid/
Tue Apr 28 2026 00:00:00 GMT-0500 (Central Daylight Time),L - 1423,LC - 9453,ZS-0011,FOR_SALE,46,216,21,https://www.zillow.com/homedetails/0-County-Road-4557-Bivins-TX-75555/461000405_zpid/
Thu Apr 30 2026 00:00:00 GMT-0500 (Central Daylight Time),L - 1425,LC - 9474,ZS-0055,OTHER,,,,https://www.zillow.com/homedetails/0-County-Road-18-LOT-9-Richville-NY-13681/461187268_zpid/
Wed Apr 29 2026 00:00:00 GMT-0500 (Central Daylight Time),L - 1425,LC - 9474,ZS-0034,FOR_SALE,39,354,26,https://www.zillow.com/homedetails/0-County-Road-18-LOT-9-Richville-NY-13681/461187268_zpid/
Tue Apr 28 2026 00:00:00 GMT-0500 (Central Daylight Time),L - 1425,LC - 9474,ZS-0013,FOR_SALE,38,350,24,https://www.zillow.com/homedetails/0-County-Road-18-LOT-9-Richville-NY-13681/461187268_zpid/
Wed May 20 2026 00:00:00 GMT-0500 (Central Daylight Time),L - 1426,LC - 9478,ZS-0421,FOR_SALE,50,192,16,https://www.zillow.com/homedetails/0-Charlie-Lawson-Rd-Virgilina-VA-24598/2058294291_zpid/?altId=5632005_VAHX2000170
Tue May 19 2026 00:00:00 GMT-0500 (Central Daylight Time),L - 1426,LC - 9478,ZS-0404,FOR_SALE,49,198,16,https://www.zillow.com/homedetails/0-Charlie-Lawson-Rd-Virgilina-VA-24598/2058294291_zpid/?altId=5632005_VAHX2000170
Mon May 18 2026 00:00:00 GMT-0500 (Central Daylight Time),L - 1426,LC - 9478,ZS-0386,FOR_SALE,48,204,16,https://www.zillow.com/homedetails/0-Charlie-Lawson-Rd-Virgilina-VA-24598/2058294291_zpid/?altId=5632005_VAHX2000170
Sun May 17 2026 00:00:00 GMT-0500 (Central Daylight Time),L - 1426,LC - 9478,ZS-0369,FOR_SALE,47,209,15,https://www.zillow.com/homedetails/0-Charlie-Lawson-Rd-Virgilina-VA-24598/2058294291_zpid/?altId=5632005_VAHX2000170
Sat May 16 2026 00:00:00 GMT-0500 (Central Daylight Time),L - 1426,LC - 9478,ZS-0352,FOR_SALE,46,214,19,https://www.zillow.com/homedetails/0-Charlie-Lawson-Rd-Virgilina-VA-24598/2058294291_zpid/?altId=5632005_VAHX2000170
Fri May 15 2026 00:00:00 GMT-0500 (Central Daylight Time),L - 1426,LC - 9478,ZS-0335,FOR_SALE,45,223,19,https://www.zillow.com/homedetails/0-Charlie-Lawson-Rd-Virgilina-VA-24598/2058294291_zpid/?altId=5632005_VAHX2000170
Thu May 14 2026 00:00:00 GMT-0500 (Central Daylight Time),L - 1426,LC - 9478,ZS-0317,FOR_SALE,44,245,19,https://www.zillow.com/homedetails/0-Charlie-Lawson-Rd-Virgilina-VA-24598/2058294291_zpid/?altId=5632005_VAHX2000170
Wed May 13 2026 00:00:00 GMT-0500 (Central Daylight Time),L - 1426,LC - 9478,ZS-0299,FOR_SALE,43,246,17,https://www.zillow.com/homedetails/0-Charlie-Lawson-Rd-Virgilina-VA-24598/2058294291_zpid/?altId=5632005_VAHX2000170
Tue May 12 2026 00:00:00 GMT-0500 (Central Daylight Time),L - 1426,LC - 9478,ZS-0281,FOR_SALE,42,249,17,https://www.zillow.com/homedetails/0-Charlie-Lawson-Rd-Virgilina-VA-24598/2058294291_zpid/?altId=5632005_VAHX2000170
Mon May 11 2026 00:00:00 GMT-0500 (Central Daylight Time),L - 1426,LC - 9478,ZS-0262,FOR_SALE,41,253,18,https://www.zillow.com/homedetails/0-Charlie-Lawson-Rd-Virgilina-VA-24598/2058294291_zpid/?altId=5632005_VAHX2000170
Sun May 10 2026 00:00:00 GMT-0500 (Central Daylight Time),L - 1426,LC - 9478,ZS-0244,FOR_SALE,40,252,18,https://www.zillow.com/homedetails/0-Charlie-Lawson-Rd-Virgilina-VA-24598/2058294291_zpid/?altId=5632005_VAHX2000170
Sat May 09 2026 00:00:00 GMT-0500 (Central Daylight Time),L - 1426,LC - 9478,ZS-0225,FOR_SALE,39,255,18,https://www.zillow.com/homedetails/0-Charlie-Lawson-Rd-Virgilina-VA-24598/2058294291_zpid/?altId=5632005_VAHX2000170
Fri May 08 2026 00:00:00 GMT-0500 (Central Daylight Time),L - 1426,LC - 9478,ZS-0206,FOR_SALE,38,255,17,https://www.zillow.com/homedetails/0-Charlie-Lawson-Rd-Virgilina-VA-24598/2058294291_zpid/?altId=5632005_VAHX2000170
Thu May 07 2026 00:00:00 GMT-0500 (Central Daylight Time),L - 1426,LC - 9478,ZS-0188,FOR_SALE,37,261,17,https://www.zillow.com/homedetails/0-Charlie-Lawson-Rd-Virgilina-VA-24598/2058294291_zpid/?altId=5632005_VAHX2000170
Wed May 06 2026 00:00:00 GMT-0500 (Central Daylight Time),L - 1426,LC - 9478,ZS-0170,FOR_SALE,36,244,17,https://www.zillow.com/homedetails/0-Charlie-Lawson-Rd-Virgilina-VA-24598/2058294291_zpid/?altId=5632005_VAHX2000170
Tue May 05 2026 00:00:00 GMT-0500 (Central Daylight Time),L - 1426,LC - 9478,ZS-0152,FOR_SALE,35,251,16,https://www.zillow.com/homedetails/0-Charlie-Lawson-Rd-Virgilina-VA-24598/2058294291_zpid/?altId=5632005_VAHX2000170
Mon May 04 2026 00:00:00 GMT-0500 (Central Daylight Time),L - 1426,LC - 9478,ZS-0133,FOR_SALE,34,251,16,https://www.zillow.com/homedetails/0-Charlie-Lawson-Rd-Virgilina-VA-24598/2058294291_zpid/?altId=5632005_VAHX2000170
Sun May 03 2026 00:00:00 GMT-0500 (Central Daylight Time),L - 1426,LC - 9478,ZS-0114,FOR_SALE,33,250,15,https://www.zillow.com/homedetails/0-Charlie-Lawson-Rd-Virgilina-VA-24598/2058294291_zpid/?altId=5632005_VAHX2000170
Sat May 02 2026 00:00:00 GMT-0500 (Central Daylight Time),L - 1426,LC - 9478,ZS-0095,FOR_SALE,32,255,15,https://www.zillow.com/homedetails/0-Charlie-Lawson-Rd-Virgilina-VA-24598/2058294291_zpid/?altId=5632005_VAHX2000170
Fri May 01 2026 00:00:00 GMT-0500 (Central Daylight Time),L - 1426,LC - 9478,ZS-0076,FOR_SALE,31,263,18,https://www.zillow.com/homedetails/0-Charlie-Lawson-Rd-Virgilina-VA-24598/2058294291_zpid/?altId=5632005_VAHX2000170
Thu Apr 30 2026 00:00:00 GMT-0500 (Central Daylight Time),L - 1426,LC - 9478,ZS-0056,FOR_SALE,30,280,18,https://www.zillow.com/homedetails/0-Charlie-Lawson-Rd-Virgilina-VA-24598/2058294291_zpid/?altId=5632005_VAHX2000170
Wed Apr 29 2026 00:00:00 GMT-0500 (Central Daylight Time),L - 1426,LC - 9478,ZS-0035,FOR_SALE,29,287,16,https://www.zillow.com/homedetails/0-Charlie-Lawson-Rd-Virgilina-VA-24598/2058294291_zpid/?altId=5632005_VAHX2000170
Tue Apr 28 2026 00:00:00 GMT-0500 (Central Daylight Time),L - 1426,LC - 9478,ZS-0014,FOR_SALE,28,288,16,https://www.zillow.com/homedetails/0-Charlie-Lawson-Rd-Virgilina-VA-24598/2058294291_zpid/?altId=5632005_VAHX2000170
Wed May 20 2026 00:00:00 GMT-0500 (Central Daylight Time),L - 1428,LC - 9486,ZS-0422,FOR_SALE,50,445,36,https://www.zillow.com/homedetails/County-Road-323-86-Orange-Grove-TX-78372/461387731_zpid/?
Tue May 19 2026 00:00:00 GMT-0500 (Central Daylight Time),L - 1428,LC - 9486,ZS-0405,FOR_SALE,49,452,35,https://www.zillow.com/homedetails/County-Road-323-86-Orange-Grove-TX-78372/461387731_zpid/?
Mon May 18 2026 00:00:00 GMT-0500 (Central Daylight Time),L - 1428,LC - 9486,ZS-0387,FOR_SALE,48,445,33,https://www.zillow.com/homedetails/County-Road-323-86-Orange-Grove-TX-78372/461387731_zpid/?
Sun May 17 2026 00:00:00 GMT-0500 (Central Daylight Time),L - 1428,LC - 9486,ZS-0370,FOR_SALE,47,427,34,https://www.zillow.com/homedetails/County-Road-323-86-Orange-Grove-TX-78372/461387731_zpid/?
Sat May 16 2026 00:00:00 GMT-0500 (Central Daylight Time),L - 1428,LC - 9486,ZS-0353,FOR_SALE,46,421,34,https://www.zillow.com/homedetails/County-Road-323-86-Orange-Grove-TX-78372/461387731_zpid/?
Fri May 15 2026 00:00:00 GMT-0500 (Central Daylight Time),L - 1428,LC - 9486,ZS-0336,FOR_SALE,45,418,32,https://www.zillow.com/homedetails/County-Road-323-86-Orange-Grove-TX-78372/461387731_zpid/?
Thu May 14 2026 00:00:00 GMT-0500 (Central Daylight Time),L - 1428,LC - 9486,ZS-0318,FOR_SALE,44,406,30,https://www.zillow.com/homedetails/County-Road-323-86-Orange-Grove-TX-78372/461387731_zpid/?
Wed May 13 2026 00:00:00 GMT-0500 (Central Daylight Time),L - 1428,LC - 9486,ZS-0300,FOR_SALE,43,407,30,https://www.zillow.com/homedetails/County-Road-323-86-Orange-Grove-TX-78372/461387731_zpid/?
Tue May 12 2026 00:00:00 GMT-0500 (Central Daylight Time),L - 1428,LC - 9486,ZS-0282,FOR_SALE,42,413,31,https://www.zillow.com/homedetails/County-Road-323-86-Orange-Grove-TX-78372/461387731_zpid/?
Mon May 11 2026 00:00:00 GMT-0500 (Central Daylight Time),L - 1428,LC - 9486,ZS-0263,FOR_SALE,41,409,33,https://www.zillow.com/homedetails/County-Road-323-86-Orange-Grove-TX-78372/461387731_zpid/?
Sun May 10 2026 00:00:00 GMT-0500 (Central Daylight Time),L - 1428,LC - 9486,ZS-0245,FOR_SALE,40,406,34,https://www.zillow.com/homedetails/County-Road-323-86-Orange-Grove-TX-78372/461387731_zpid/?
Sat May 09 2026 00:00:00 GMT-0500 (Central Daylight Time),L - 1428,LC - 9486,ZS-0226,FOR_SALE,39,414,33,https://www.zillow.com/homedetails/County-Road-323-86-Orange-Grove-TX-78372/461387731_zpid/?
Fri May 08 2026 00:00:00 GMT-0500 (Central Daylight Time),L - 1428,LC - 9486,ZS-0207,FOR_SALE,38,399,33,https://www.zillow.com/homedetails/County-Road-323-86-Orange-Grove-TX-78372/461387731_zpid/?
Thu May 07 2026 00:00:00 GMT-0500 (Central Daylight Time),L - 1428,LC - 9486,ZS-0189,FOR_SALE,37,398,33,https://www.zillow.com/homedetails/County-Road-323-86-Orange-Grove-TX-78372/461387731_zpid/?
Wed May 06 2026 00:00:00 GMT-0500 (Central Daylight Time),L - 1428,LC - 9486,ZS-0171,FOR_SALE,36,391,33,https://www.zillow.com/homedetails/County-Road-323-86-Orange-Grove-TX-78372/461387731_zpid/?
Tue May 05 2026 00:00:00 GMT-0500 (Central Daylight Time),L - 1428,LC - 9486,ZS-0153,FOR_SALE,35,400,33,https://www.zillow.com/homedetails/County-Road-323-86-Orange-Grove-TX-78372/461387731_zpid/?
Mon May 04 2026 00:00:00 GMT-0500 (Central Daylight Time),L - 1428,LC - 9486,ZS-0134,FOR_SALE,34,403,32,https://www.zillow.com/homedetails/County-Road-323-86-Orange-Grove-TX-78372/461387731_zpid/?
Sun May 03 2026 00:00:00 GMT-0500 (Central Daylight Time),L - 1428,LC - 9486,ZS-0115,FOR_SALE,33,394,30,https://www.zillow.com/homedetails/County-Road-323-86-Orange-Grove-TX-78372/461387731_zpid/?
Sat May 02 2026 00:00:00 GMT-0500 (Central Daylight Time),L - 1428,LC - 9486,ZS-0096,FOR_SALE,32,386,28,https://www.zillow.com/homedetails/County-Road-323-86-Orange-Grove-TX-78372/461387731_zpid/?
Fri May 01 2026 00:00:00 GMT-0500 (Central Daylight Time),L - 1428,LC - 9486,ZS-0077,FOR_SALE,31,389,28,https://www.zillow.com/homedetails/County-Road-323-86-Orange-Grove-TX-78372/461387731_zpid/?
Thu Apr 30 2026 00:00:00 GMT-0500 (Central Daylight Time),L - 1428,LC - 9486,ZS-0057,FOR_SALE,30,380,28,https://www.zillow.com/homedetails/County-Road-323-86-Orange-Grove-TX-78372/461387731_zpid/?
Wed Apr 29 2026 00:00:00 GMT-0500 (Central Daylight Time),L - 1428,LC - 9486,ZS-0036,FOR_SALE,29,400,28,https://www.zillow.com/homedetails/County-Road-323-86-Orange-Grove-TX-78372/461387731_zpid/?
Tue Apr 28 2026 00:00:00 GMT-0500 (Central Daylight Time),L - 1428,LC - 9486,ZS-0015,FOR_SALE,28,409,31,https://www.zillow.com/homedetails/County-Road-323-86-Orange-Grove-TX-78372/461387731_zpid/?
Wed May 20 2026 00:00:00 GMT-0500 (Central Daylight Time),L - 1433,LC - 9511,ZS-0423,FOR_SALE,44,352,17,https://www.zillow.com/homedetails/152-Route-Joppa-MD-21085/449672299_zpid/
Tue May 19 2026 00:00:00 GMT-0500 (Central Daylight Time),L - 1433,LC - 9511,ZS-0406,FOR_SALE,43,354,17,https://www.zillow.com/homedetails/152-Route-Joppa-MD-21085/449672299_zpid/
Mon May 18 2026 00:00:00 GMT-0500 (Central Daylight Time),L - 1433,LC - 9511,ZS-0388,FOR_SALE,42,354,16,https://www.zillow.com/homedetails/152-Route-Joppa-MD-21085/449672299_zpid/
Sun May 17 2026 00:00:00 GMT-0500 (Central Daylight Time),L - 1433,LC - 9511,ZS-0371,FOR_SALE,41,362,18,https://www.zillow.com/homedetails/152-Route-Joppa-MD-21085/449672299_zpid/
Sat May 16 2026 00:00:00 GMT-0500 (Central Daylight Time),L - 1433,LC - 9511,ZS-0354,FOR_SALE,40,365,18,https://www.zillow.com/homedetails/152-Route-Joppa-MD-21085/449672299_zpid/
Fri May 15 2026 00:00:00 GMT-0500 (Central Daylight Time),L - 1433,LC - 9511,ZS-0337,FOR_SALE,39,376,17,https://www.zillow.com/homedetails/152-Route-Joppa-MD-21085/449672299_zpid/
Thu May 14 2026 00:00:00 GMT-0500 (Central Daylight Time),L - 1433,LC - 9511,ZS-0319,FOR_SALE,38,411,19,https://www.zillow.com/homedetails/152-Route-Joppa-MD-21085/449672299_zpid/
Wed May 13 2026 00:00:00 GMT-0500 (Central Daylight Time),L - 1433,LC - 9511,ZS-0301,FOR_SALE,37,389,21,https://www.zillow.com/homedetails/152-Route-Joppa-MD-21085/449672299_zpid/
Tue May 12 2026 00:00:00 GMT-0500 (Central Daylight Time),L - 1433,LC - 9511,ZS-0283,FOR_SALE,36,369,20,https://www.zillow.com/homedetails/152-Route-Joppa-MD-21085/449672299_zpid/
Mon May 11 2026 00:00:00 GMT-0500 (Central Daylight Time),L - 1433,LC - 9511,ZS-0264,FOR_SALE,35,361,19,https://www.zillow.com/homedetails/152-Route-Joppa-MD-21085/449672299_zpid/
Sun May 10 2026 00:00:00 GMT-0500 (Central Daylight Time),L - 1433,LC - 9511,ZS-0246,FOR_SALE,34,358,18,https://www.zillow.com/homedetails/152-Route-Joppa-MD-21085/449672299_zpid/
Sat May 09 2026 00:00:00 GMT-0500 (Central Daylight Time),L - 1433,LC - 9511,ZS-0227,FOR_SALE,33,359,17,https://www.zillow.com/homedetails/152-Route-Joppa-MD-21085/449672299_zpid/
Fri May 08 2026 00:00:00 GMT-0500 (Central Daylight Time),L - 1433,LC - 9511,ZS-0208,FOR_SALE,32,353,17,https://www.zillow.com/homedetails/152-Route-Joppa-MD-21085/449672299_zpid/
Thu May 07 2026 00:00:00 GMT-0500 (Central Daylight Time),L - 1433,LC - 9511,ZS-0190,FOR_SALE,31,366,17,https://www.zillow.com/homedetails/152-Route-Joppa-MD-21085/449672299_zpid/
Wed May 06 2026 00:00:00 GMT-0500 (Central Daylight Time),L - 1433,LC - 9511,ZS-0172,FOR_SALE,30,367,23,https://www.zillow.com/homedetails/152-Route-Joppa-MD-21085/449672299_zpid/
Tue May 05 2026 00:00:00 GMT-0500 (Central Daylight Time),L - 1433,LC - 9511,ZS-0154,FOR_SALE,29,373,24,https://www.zillow.com/homedetails/152-Route-Joppa-MD-21085/449672299_zpid/
Mon May 04 2026 00:00:00 GMT-0500 (Central Daylight Time),L - 1433,LC - 9511,ZS-0135,FOR_SALE,28,369,24,https://www.zillow.com/homedetails/152-Route-Joppa-MD-21085/449672299_zpid/
Sun May 03 2026 00:00:00 GMT-0500 (Central Daylight Time),L - 1433,LC - 9511,ZS-0116,FOR_SALE,27,351,22,https://www.zillow.com/homedetails/152-Route-Joppa-MD-21085/449672299_zpid/
Sat May 02 2026 00:00:00 GMT-0500 (Central Daylight Time),L - 1433,LC - 9511,ZS-0097,FOR_SALE,26,345,22,https://www.zillow.com/homedetails/152-Route-Joppa-MD-21085/449672299_zpid/
Fri May 01 2026 00:00:00 GMT-0500 (Central Daylight Time),L - 1433,LC - 9511,ZS-0078,FOR_SALE,25,329,22,https://www.zillow.com/homedetails/152-Route-Joppa-MD-21085/449672299_zpid/
Thu Apr 30 2026 00:00:00 GMT-0500 (Central Daylight Time),L - 1433,LC - 9511,ZS-0058,FOR_SALE,24,316,18,https://www.zillow.com/homedetails/152-Route-Joppa-MD-21085/449672299_zpid/
Wed Apr 29 2026 00:00:00 GMT-0500 (Central Daylight Time),L - 1433,LC - 9511,ZS-0037,FOR_SALE,23,322,16,https://www.zillow.com/homedetails/152-Route-Joppa-MD-21085/449672299_zpid/
Tue Apr 28 2026 00:00:00 GMT-0500 (Central Daylight Time),L - 1433,LC - 9511,ZS-0016,FOR_SALE,22,310,16,https://www.zillow.com/homedetails/152-Route-Joppa-MD-21085/449672299_zpid/
Wed May 20 2026 00:00:00 GMT-0500 (Central Daylight Time),L - 1437,LC - 9539,ZS-0424,FOR_SALE,39,877,65,https://www.zillow.com/homedetails/0-Walker-Rd-LOT-3-Utica-NY-13502/461625697_zpid/
Tue May 19 2026 00:00:00 GMT-0500 (Central Daylight Time),L - 1437,LC - 9539,ZS-0407,FOR_SALE,38,887,65,https://www.zillow.com/homedetails/0-Walker-Rd-LOT-3-Utica-NY-13502/461625697_zpid/
Mon May 18 2026 00:00:00 GMT-0500 (Central Daylight Time),L - 1437,LC - 9539,ZS-0389,FOR_SALE,37,923,65,https://www.zillow.com/homedetails/0-Walker-Rd-LOT-3-Utica-NY-13502/461625697_zpid/
Sun May 17 2026 00:00:00 GMT-0500 (Central Daylight Time),L - 1437,LC - 9539,ZS-0372,FOR_SALE,36,934,69,https://www.zillow.com/homedetails/0-Walker-Rd-LOT-3-Utica-NY-13502/461625697_zpid/
Sat May 16 2026 00:00:00 GMT-0500 (Central Daylight Time),L - 1437,LC - 9539,ZS-0355,FOR_SALE,35,940,71,https://www.zillow.com/homedetails/0-Walker-Rd-LOT-3-Utica-NY-13502/461625697_zpid/
Fri May 15 2026 00:00:00 GMT-0500 (Central Daylight Time),L - 1437,LC - 9539,ZS-0338,FOR_SALE,34,948,70,https://www.zillow.com/homedetails/0-Walker-Rd-LOT-3-Utica-NY-13502/461625697_zpid/
Thu May 14 2026 00:00:00 GMT-0500 (Central Daylight Time),L - 1437,LC - 9539,ZS-0321,FOR_SALE,33,939,74,https://www.zillow.com/homedetails/0-Walker-Rd-LOT-3-Utica-NY-13502/461625697_zpid/
Wed May 13 2026 00:00:00 GMT-0500 (Central Daylight Time),L - 1437,LC - 9539,ZS-0303,FOR_SALE,32,962,76,https://www.zillow.com/homedetails/0-Walker-Rd-LOT-3-Utica-NY-13502/461625697_zpid/
Tue May 12 2026 00:00:00 GMT-0500 (Central Daylight Time),L - 1437,LC - 9539,ZS-0285,FOR_SALE,31,1003,77,https://www.zillow.com/homedetails/0-Walker-Rd-LOT-3-Utica-NY-13502/461625697_zpid/
Mon May 11 2026 00:00:00 GMT-0500 (Central Daylight Time),L - 1437,LC - 9539,ZS-0266,FOR_SALE,30,1093,83,https://www.zillow.com/homedetails/0-Walker-Rd-LOT-3-Utica-NY-13502/461625697_zpid/
Sun May 10 2026 00:00:00 GMT-0500 (Central Daylight Time),L - 1437,LC - 9539,ZS-0248,FOR_SALE,29,1217,99,https://www.zillow.com/homedetails/0-Walker-Rd-LOT-3-Utica-NY-13502/461625697_zpid/
Sat May 09 2026 00:00:00 GMT-0500 (Central Daylight Time),L - 1437,LC - 9539,ZS-0229,FOR_SALE,28,1271,100,https://www.zillow.com/homedetails/0-Walker-Rd-LOT-3-Utica-NY-13502/461625697_zpid/
Fri May 08 2026 00:00:00 GMT-0500 (Central Daylight Time),L - 1437,LC - 9539,ZS-0210,FOR_SALE,27,1255,99,https://www.zillow.com/homedetails/0-Walker-Rd-LOT-3-Utica-NY-13502/461625697_zpid/
Thu May 07 2026 00:00:00 GMT-0500 (Central Daylight Time),L - 1437,LC - 9539,ZS-0192,FOR_SALE,26,1213,93,https://www.zillow.com/homedetails/0-Walker-Rd-LOT-3-Utica-NY-13502/461625697_zpid/
Wed May 06 2026 00:00:00 GMT-0500 (Central Daylight Time),L - 1437,LC - 9539,ZS-0174,FOR_SALE,25,1150,90,https://www.zillow.com/homedetails/0-Walker-Rd-LOT-3-Utica-NY-13502/461625697_zpid/
Tue May 05 2026 00:00:00 GMT-0500 (Central Daylight Time),L - 1437,LC - 9539,ZS-0156,FOR_SALE,24,1132,88,https://www.zillow.com/homedetails/0-Walker-Rd-LOT-3-Utica-NY-13502/461625697_zpid/
Mon May 04 2026 00:00:00 GMT-0500 (Central Daylight Time),L - 1437,LC - 9539,ZS-0137,FOR_SALE,23,1092,86,https://www.zillow.com/homedetails/0-Walker-Rd-LOT-3-Utica-NY-13502/461625697_zpid/
Sun May 03 2026 00:00:00 GMT-0500 (Central Daylight Time),L - 1437,LC - 9539,ZS-0118,FOR_SALE,22,1054,85,https://www.zillow.com/homedetails/0-Walker-Rd-LOT-3-Utica-NY-13502/461625697_zpid/
Sat May 02 2026 00:00:00 GMT-0500 (Central Daylight Time),L - 1437,LC - 9539,ZS-0099,FOR_SALE,21,1010,81,https://www.zillow.com/homedetails/0-Walker-Rd-LOT-3-Utica-NY-13502/461625697_zpid/
Fri May 01 2026 00:00:00 GMT-0500 (Central Daylight Time),L - 1437,LC - 9539,ZS-0080,FOR_SALE,20,1000,80,https://www.zillow.com/homedetails/0-Walker-Rd-LOT-3-Utica-NY-13502/461625697_zpid/
Thu Apr 30 2026 00:00:00 GMT-0500 (Central Daylight Time),L - 1437,LC - 9539,ZS-0060,FOR_SALE,19,976,79,https://www.zillow.com/homedetails/0-Walker-Rd-LOT-3-Utica-NY-13502/461625697_zpid/
Wed Apr 29 2026 00:00:00 GMT-0500 (Central Daylight Time),L - 1437,LC - 9539,ZS-0039,FOR_SALE,18,942,79,https://www.zillow.com/homedetails/0-Walker-Rd-LOT-3-Utica-NY-13502/461625697_zpid/
Tue Apr 28 2026 00:00:00 GMT-0500 (Central Daylight Time),L - 1437,LC - 9539,ZS-0018,FOR_SALE,17,917,78,https://www.zillow.com/homedetails/0-Walker-Rd-LOT-3-Utica-NY-13502/461625697_zpid/
Thu May 14 2026 00:00:00 GMT-0500 (Central Daylight Time),L - 1438,LC - 9536,ZS-0320,PENDING,32,647,51,https://www.zillow.com/homedetails/2131-Oakville-Waltz-Rd-New-Boston-MI-48164/24219377_zpid/
Wed May 13 2026 00:00:00 GMT-0500 (Central Daylight Time),L - 1438,LC - 9536,ZS-0302,FOR_SALE,31,671,53,https://www.zillow.com/homedetails/2131-Oakville-Waltz-Rd-New-Boston-MI-48164/24219377_zpid/
Tue May 12 2026 00:00:00 GMT-0500 (Central Daylight Time),L - 1438,LC - 9536,ZS-0284,FOR_SALE,30,706,51,https://www.zillow.com/homedetails/2131-Oakville-Waltz-Rd-New-Boston-MI-48164/24219377_zpid/
Mon May 11 2026 00:00:00 GMT-0500 (Central Daylight Time),L - 1438,LC - 9536,ZS-0265,FOR_SALE,29,701,48,https://www.zillow.com/homedetails/2131-Oakville-Waltz-Rd-New-Boston-MI-48164/24219377_zpid/
Sun May 10 2026 00:00:00 GMT-0500 (Central Daylight Time),L - 1438,LC - 9536,ZS-0247,FOR_SALE,28,669,43,https://www.zillow.com/homedetails/2131-Oakville-Waltz-Rd-New-Boston-MI-48164/24219377_zpid/
Sat May 09 2026 00:00:00 GMT-0500 (Central Daylight Time),L - 1438,LC - 9536,ZS-0228,FOR_SALE,27,636,40,https://www.zillow.com/homedetails/2131-Oakville-Waltz-Rd-New-Boston-MI-48164/24219377_zpid/
Fri May 08 2026 00:00:00 GMT-0500 (Central Daylight Time),L - 1438,LC - 9536,ZS-0209,FOR_SALE,26,613,35,https://www.zillow.com/homedetails/2131-Oakville-Waltz-Rd-New-Boston-MI-48164/24219377_zpid/
Thu May 07 2026 00:00:00 GMT-0500 (Central Daylight Time),L - 1438,LC - 9536,ZS-0191,FOR_SALE,25,591,35,https://www.zillow.com/homedetails/2131-Oakville-Waltz-Rd-New-Boston-MI-48164/24219377_zpid/
Wed May 06 2026 00:00:00 GMT-0500 (Central Daylight Time),L - 1438,LC - 9536,ZS-0173,FOR_SALE,24,561,35,https://www.zillow.com/homedetails/2131-Oakville-Waltz-Rd-New-Boston-MI-48164/24219377_zpid/
Tue May 05 2026 00:00:00 GMT-0500 (Central Daylight Time),L - 1438,LC - 9536,ZS-0155,FOR_SALE,23,547,33,https://www.zillow.com/homedetails/2131-Oakville-Waltz-Rd-New-Boston-MI-48164/24219377_zpid/
Mon May 04 2026 00:00:00 GMT-0500 (Central Daylight Time),L - 1438,LC - 9536,ZS-0136,FOR_SALE,22,534,33,https://www.zillow.com/homedetails/2131-Oakville-Waltz-Rd-New-Boston-MI-48164/24219377_zpid/
Sun May 03 2026 00:00:00 GMT-0500 (Central Daylight Time),L - 1438,LC - 9536,ZS-0117,FOR_SALE,21,518,29,https://www.zillow.com/homedetails/2131-Oakville-Waltz-Rd-New-Boston-MI-48164/24219377_zpid/
Sat May 02 2026 00:00:00 GMT-0500 (Central Daylight Time),L - 1438,LC - 9536,ZS-0098,FOR_SALE,20,480,25,https://www.zillow.com/homedetails/2131-Oakville-Waltz-Rd-New-Boston-MI-48164/24219377_zpid/
Fri May 01 2026 00:00:00 GMT-0500 (Central Daylight Time),L - 1438,LC - 9536,ZS-0079,FOR_SALE,19,441,22,https://www.zillow.com/homedetails/2131-Oakville-Waltz-Rd-New-Boston-MI-48164/24219377_zpid/
Thu Apr 30 2026 00:00:00 GMT-0500 (Central Daylight Time),L - 1438,LC - 9536,ZS-0059,FOR_SALE,18,412,21,https://www.zillow.com/homedetails/2131-Oakville-Waltz-Rd-New-Boston-MI-48164/24219377_zpid/
Wed Apr 29 2026 00:00:00 GMT-0500 (Central Daylight Time),L - 1438,LC - 9536,ZS-0038,FOR_SALE,17,396,21,https://www.zillow.com/homedetails/2131-Oakville-Waltz-Rd-New-Boston-MI-48164/24219377_zpid/
Tue Apr 28 2026 00:00:00 GMT-0500 (Central Daylight Time),L - 1438,LC - 9536,ZS-0017,FOR_SALE,16,371,20,https://www.zillow.com/homedetails/2131-Oakville-Waltz-Rd-New-Boston-MI-48164/24219377_zpid/
Wed May 20 2026 00:00:00 GMT-0500 (Central Daylight Time),L - 1440,LC - 9557,ZS-0425,FOR_SALE,33,683,86,https://www.zillow.com/homedetails/1601-Dania-Dr-Fort-Washington-MD-20744/37377671_zpid/
Tue May 19 2026 00:00:00 GMT-0500 (Central Daylight Time),L - 1440,LC - 9557,ZS-0408,FOR_SALE,32,709,90,https://www.zillow.com/homedetails/1601-Dania-Dr-Fort-Washington-MD-20744/37377671_zpid/
Mon May 18 2026 00:00:00 GMT-0500 (Central Daylight Time),L - 1440,LC - 9557,ZS-0390,FOR_SALE,31,708,92,https://www.zillow.com/homedetails/1601-Dania-Dr-Fort-Washington-MD-20744/37377671_zpid/
Sun May 17 2026 00:00:00 GMT-0500 (Central Daylight Time),L - 1440,LC - 9557,ZS-0373,FOR_SALE,30,742,94,https://www.zillow.com/homedetails/1601-Dania-Dr-Fort-Washington-MD-20744/37377671_zpid/
Sat May 16 2026 00:00:00 GMT-0500 (Central Daylight Time),L - 1440,LC - 9557,ZS-0356,FOR_SALE,29,737,90,https://www.zillow.com/homedetails/1601-Dania-Dr-Fort-Washington-MD-20744/37377671_zpid/
Fri May 15 2026 00:00:00 GMT-0500 (Central Daylight Time),L - 1440,LC - 9557,ZS-0339,FOR_SALE,28,717,89,https://www.zillow.com/homedetails/1601-Dania-Dr-Fort-Washington-MD-20744/37377671_zpid/
Thu May 14 2026 00:00:00 GMT-0500 (Central Daylight Time),L - 1440,LC - 9557,ZS-0322,FOR_SALE,27,704,87,https://www.zillow.com/homedetails/1601-Dania-Dr-Fort-Washington-MD-20744/37377671_zpid/
Wed May 13 2026 00:00:00 GMT-0500 (Central Daylight Time),L - 1440,LC - 9557,ZS-0304,FOR_SALE,26,669,84,https://www.zillow.com/homedetails/1601-Dania-Dr-Fort-Washington-MD-20744/37377671_zpid/
Tue May 12 2026 00:00:00 GMT-0500 (Central Daylight Time),L - 1440,LC - 9557,ZS-0286,FOR_SALE,25,652,83,https://www.zillow.com/homedetails/1601-Dania-Dr-Fort-Washington-MD-20744/37377671_zpid/
Mon May 11 2026 00:00:00 GMT-0500 (Central Daylight Time),L - 1440,LC - 9557,ZS-0267,FOR_SALE,24,636,81,https://www.zillow.com/homedetails/1601-Dania-Dr-Fort-Washington-MD-20744/37377671_zpid/
Sun May 10 2026 00:00:00 GMT-0500 (Central Daylight Time),L - 1440,LC - 9557,ZS-0249,FOR_SALE,23,615,77,https://www.zillow.com/homedetails/1601-Dania-Dr-Fort-Washington-MD-20744/37377671_zpid/
Sat May 09 2026 00:00:00 GMT-0500 (Central Daylight Time),L - 1440,LC - 9557,ZS-0230,FOR_SALE,22,596,72,https://www.zillow.com/homedetails/1601-Dania-Dr-Fort-Washington-MD-20744/37377671_zpid/
Fri May 08 2026 00:00:00 GMT-0500 (Central Daylight Time),L - 1440,LC - 9557,ZS-0211,FOR_SALE,21,587,70,https://www.zillow.com/homedetails/1601-Dania-Dr-Fort-Washington-MD-20744/37377671_zpid/
Thu May 07 2026 00:00:00 GMT-0500 (Central Daylight Time),L - 1440,LC - 9557,ZS-0193,FOR_SALE,20,571,68,https://www.zillow.com/homedetails/1601-Dania-Dr-Fort-Washington-MD-20744/37377671_zpid/
Wed May 06 2026 00:00:00 GMT-0500 (Central Daylight Time),L - 1440,LC - 9557,ZS-0175,FOR_SALE,19,530,64,https://www.zillow.com/homedetails/1601-Dania-Dr-Fort-Washington-MD-20744/37377671_zpid/
Tue May 05 2026 00:00:00 GMT-0500 (Central Daylight Time),L - 1440,LC - 9557,ZS-0157,FOR_SALE,18,506,62,https://www.zillow.com/homedetails/1601-Dania-Dr-Fort-Washington-MD-20744/37377671_zpid/
Mon May 04 2026 00:00:00 GMT-0500 (Central Daylight Time),L - 1440,LC - 9557,ZS-0138,FOR_SALE,17,480,62,https://www.zillow.com/homedetails/1601-Dania-Dr-Fort-Washington-MD-20744/37377671_zpid/
Sun May 03 2026 00:00:00 GMT-0500 (Central Daylight Time),L - 1440,LC - 9557,ZS-0119,FOR_SALE,16,459,59,https://www.zillow.com/homedetails/1601-Dania-Dr-Fort-Washington-MD-20744/37377671_zpid/
Sat May 02 2026 00:00:00 GMT-0500 (Central Daylight Time),L - 1440,LC - 9557,ZS-0100,FOR_SALE,15,429,55,https://www.zillow.com/homedetails/1601-Dania-Dr-Fort-Washington-MD-20744/37377671_zpid/
Fri May 01 2026 00:00:00 GMT-0500 (Central Daylight Time),L - 1440,LC - 9557,ZS-0081,FOR_SALE,14,418,53,https://www.zillow.com/homedetails/1601-Dania-Dr-Fort-Washington-MD-20744/37377671_zpid/
Thu Apr 30 2026 00:00:00 GMT-0500 (Central Daylight Time),L - 1440,LC - 9557,ZS-0061,FOR_SALE,13,389,49,https://www.zillow.com/homedetails/1601-Dania-Dr-Fort-Washington-MD-20744/37377671_zpid/
Wed Apr 29 2026 00:00:00 GMT-0500 (Central Daylight Time),L - 1440,LC - 9557,ZS-0040,FOR_SALE,12,355,46,https://www.zillow.com/homedetails/1601-Dania-Dr-Fort-Washington-MD-20744/37377671_zpid/
Tue Apr 28 2026 00:00:00 GMT-0500 (Central Daylight Time),L - 1440,LC - 9557,ZS-0019,FOR_SALE,11,341,45,https://www.zillow.com/homedetails/1601-Dania-Dr-Fort-Washington-MD-20744/37377671_zpid/
Thu Apr 30 2026 00:00:00 GMT-0500 (Central Daylight Time),L - 1443,LC - 9563,ZS-0063,PENDING,10,219,11,https://www.zillow.com/homedetails/1569-Amish-Rd-Grantsville-MD-21536/36905847_zpid/?spellCorrectedMetadata=%7B%22userQuery%22%3A%221569%20Amish%20Rd%2C%20Grantsville%2C%20MD%2021536%22%2C%22spellCorrectedQuery%22%3A%221569%20Amish%20Rd%20Grantsville%2C%2
Wed Apr 29 2026 00:00:00 GMT-0500 (Central Daylight Time),L - 1443,LC - 9563,ZS-0042,FOR_SALE,9,208,11,https://www.zillow.com/homedetails/1569-Amish-Rd-Grantsville-MD-21536/36905847_zpid/?spellCorrectedMetadata=%7B%22userQuery%22%3A%221569%20Amish%20Rd%2C%20Grantsville%2C%20MD%2021536%22%2C%22spellCorrectedQuery%22%3A%221569%20Amish%20Rd%20Grantsville%2C%2
Tue Apr 28 2026 00:00:00 GMT-0500 (Central Daylight Time),L - 1443,LC - 9563,ZS-0021,FOR_SALE,8,195,11,https://www.zillow.com/homedetails/1569-Amish-Rd-Grantsville-MD-21536/36905847_zpid/?spellCorrectedMetadata=%7B%22userQuery%22%3A%221569%20Amish%20Rd%2C%20Grantsville%2C%20MD%2021536%22%2C%22spellCorrectedQuery%22%3A%221569%20Amish%20Rd%20Grantsville%2C%2
Wed May 20 2026 00:00:00 GMT-0500 (Central Daylight Time),L - 1446,LC - 9565,ZS-0426,FOR_SALE,28,828,51,https://www.zillow.com/homedetails/Bethlehem-Rd-Oakland-MD-21550/452496352_zpid/
Tue May 19 2026 00:00:00 GMT-0500 (Central Daylight Time),L - 1446,LC - 9565,ZS-0409,FOR_SALE,27,809,51,https://www.zillow.com/homedetails/Bethlehem-Rd-Oakland-MD-21550/452496352_zpid/
Mon May 18 2026 00:00:00 GMT-0500 (Central Daylight Time),L - 1446,LC - 9565,ZS-0391,FOR_SALE,26,799,50,https://www.zillow.com/homedetails/Bethlehem-Rd-Oakland-MD-21550/452496352_zpid/
Sun May 17 2026 00:00:00 GMT-0500 (Central Daylight Time),L - 1446,LC - 9565,ZS-0374,FOR_SALE,25,787,48,https://www.zillow.com/homedetails/Bethlehem-Rd-Oakland-MD-21550/452496352_zpid/
Sat May 16 2026 00:00:00 GMT-0500 (Central Daylight Time),L - 1446,LC - 9565,ZS-0357,FOR_SALE,24,766,48,https://www.zillow.com/homedetails/Bethlehem-Rd-Oakland-MD-21550/452496352_zpid/
Fri May 15 2026 00:00:00 GMT-0500 (Central Daylight Time),L - 1446,LC - 9565,ZS-0340,FOR_SALE,23,736,45,https://www.zillow.com/homedetails/Bethlehem-Rd-Oakland-MD-21550/452496352_zpid/
Thu May 14 2026 00:00:00 GMT-0500 (Central Daylight Time),L - 1446,LC - 9565,ZS-0323,FOR_SALE,22,721,45,https://www.zillow.com/homedetails/Bethlehem-Rd-Oakland-MD-21550/452496352_zpid/
Wed May 13 2026 00:00:00 GMT-0500 (Central Daylight Time),L - 1446,LC - 9565,ZS-0305,FOR_SALE,21,693,45,https://www.zillow.com/homedetails/Bethlehem-Rd-Oakland-MD-21550/452496352_zpid/
Tue May 12 2026 00:00:00 GMT-0500 (Central Daylight Time),L - 1446,LC - 9565,ZS-0287,FOR_SALE,20,645,43,https://www.zillow.com/homedetails/Bethlehem-Rd-Oakland-MD-21550/452496352_zpid/
Mon May 11 2026 00:00:00 GMT-0500 (Central Daylight Time),L - 1446,LC - 9565,ZS-0268,FOR_SALE,19,631,41,https://www.zillow.com/homedetails/Bethlehem-Rd-Oakland-MD-21550/452496352_zpid/
Sun May 10 2026 00:00:00 GMT-0500 (Central Daylight Time),L - 1446,LC - 9565,ZS-0250,FOR_SALE,18,605,41,https://www.zillow.com/homedetails/Bethlehem-Rd-Oakland-MD-21550/452496352_zpid/
Sat May 09 2026 00:00:00 GMT-0500 (Central Daylight Time),L - 1446,LC - 9565,ZS-0231,FOR_SALE,17,594,40,https://www.zillow.com/homedetails/Bethlehem-Rd-Oakland-MD-21550/452496352_zpid/
Fri May 08 2026 00:00:00 GMT-0500 (Central Daylight Time),L - 1446,LC - 9565,ZS-0212,FOR_SALE,16,571,40,https://www.zillow.com/homedetails/Bethlehem-Rd-Oakland-MD-21550/452496352_zpid/
Thu May 07 2026 00:00:00 GMT-0500 (Central Daylight Time),L - 1446,LC - 9565,ZS-0194,FOR_SALE,15,573,40,https://www.zillow.com/homedetails/Bethlehem-Rd-Oakland-MD-21550/452496352_zpid/
Wed May 06 2026 00:00:00 GMT-0500 (Central Daylight Time),L - 1446,LC - 9565,ZS-0176,FOR_SALE,14,558,40,https://www.zillow.com/homedetails/Bethlehem-Rd-Oakland-MD-21550/452496352_zpid/
Tue May 05 2026 00:00:00 GMT-0500 (Central Daylight Time),L - 1446,LC - 9565,ZS-0158,FOR_SALE,13,544,39,https://www.zillow.com/homedetails/Bethlehem-Rd-Oakland-MD-21550/452496352_zpid/
Mon May 04 2026 00:00:00 GMT-0500 (Central Daylight Time),L - 1446,LC - 9565,ZS-0139,FOR_SALE,12,524,36,https://www.zillow.com/homedetails/Bethlehem-Rd-Oakland-MD-21550/452496352_zpid/
Sun May 03 2026 00:00:00 GMT-0500 (Central Daylight Time),L - 1446,LC - 9565,ZS-0120,FOR_SALE,11,506,33,https://www.zillow.com/homedetails/Bethlehem-Rd-Oakland-MD-21550/452496352_zpid/
Sat May 02 2026 00:00:00 GMT-0500 (Central Daylight Time),L - 1446,LC - 9565,ZS-0101,FOR_SALE,10,488,29,https://www.zillow.com/homedetails/Bethlehem-Rd-Oakland-MD-21550/452496352_zpid/
Fri May 01 2026 00:00:00 GMT-0500 (Central Daylight Time),L - 1446,LC - 9565,ZS-0082,FOR_SALE,9,471,29,https://www.zillow.com/homedetails/Bethlehem-Rd-Oakland-MD-21550/452496352_zpid/
Thu Apr 30 2026 00:00:00 GMT-0500 (Central Daylight Time),L - 1446,LC - 9565,ZS-0062,FOR_SALE,8,430,27,https://www.zillow.com/homedetails/Bethlehem-Rd-Oakland-MD-21550/452496352_zpid/
Wed Apr 29 2026 00:00:00 GMT-0500 (Central Daylight Time),L - 1446,LC - 9565,ZS-0041,FOR_SALE,7,380,26,https://www.zillow.com/homedetails/Bethlehem-Rd-Oakland-MD-21550/452496352_zpid/
Tue Apr 28 2026 00:00:00 GMT-0500 (Central Daylight Time),L - 1446,LC - 9565,ZS-0020,FOR_SALE,6,354,26,https://www.zillow.com/homedetails/Bethlehem-Rd-Oakland-MD-21550/452496352_zpid/
Wed May 20 2026 00:00:00 GMT-0500 (Central Daylight Time),L - 1447,LC - 9572,ZS-0427,FOR_SALE,27,63,7,https://www.zillow.com/homedetails/40-Red-Maple-Ct-LOT-50-52-North-Augusta-SC-29841/462458816_zpid/
Tue May 19 2026 00:00:00 GMT-0500 (Central Daylight Time),L - 1447,LC - 9572,ZS-0410,FOR_SALE,26,48,5,https://www.zillow.com/homedetails/40-Red-Maple-Ct-LOT-50-52-North-Augusta-SC-29841/462458816_zpid/
Mon May 18 2026 00:00:00 GMT-0500 (Central Daylight Time),L - 1447,LC - 9572,ZS-0392,SOLD,1026,,,https://www.zillow.com/homedetails/40-Red-Maple-Ct-LOT-50-52-North-Augusta-SC-29841/462458816_zpid/
Sun May 17 2026 00:00:00 GMT-0500 (Central Daylight Time),L - 1447,LC - 9572,ZS-0375,SOLD,1025,,,https://www.zillow.com/homedetails/40-Red-Maple-Ct-LOT-50-52-North-Augusta-SC-29841/462458816_zpid/
Sat May 16 2026 00:00:00 GMT-0500 (Central Daylight Time),L - 1447,LC - 9572,ZS-0358,SOLD,1024,,,https://www.zillow.com/homedetails/40-Red-Maple-Ct-LOT-50-52-North-Augusta-SC-29841/462458816_zpid/
Fri May 15 2026 00:00:00 GMT-0500 (Central Daylight Time),L - 1447,LC - 9572,ZS-0341,SOLD,1023,,,https://www.zillow.com/homedetails/40-Red-Maple-Ct-LOT-50-52-North-Augusta-SC-29841/462458816_zpid/
Thu May 14 2026 00:00:00 GMT-0500 (Central Daylight Time),L - 1447,LC - 9572,ZS-0324,FOR_SALE,21,430,20,https://www.zillow.com/homedetails/40-Red-Maple-Ct-LOT-50-52-North-Augusta-SC-29841/462458816_zpid/
Wed May 13 2026 00:00:00 GMT-0500 (Central Daylight Time),L - 1447,LC - 9572,ZS-0306,FOR_SALE,20,410,19,https://www.zillow.com/homedetails/40-Red-Maple-Ct-LOT-50-52-North-Augusta-SC-29841/462458816_zpid/
Tue May 12 2026 00:00:00 GMT-0500 (Central Daylight Time),L - 1447,LC - 9572,ZS-0288,FOR_SALE,1,35,3,https://www.zillow.com/homedetails/40-Red-Maple-Ct-LOT-50-52-North-Augusta-SC-29841/462458816_zpid/
Mon May 11 2026 00:00:00 GMT-0500 (Central Daylight Time),L - 1447,LC - 9572,ZS-0269,FOR_SALE,0,12,2,https://www.zillow.com/homedetails/40-Red-Maple-Ct-LOT-50-52-North-Augusta-SC-29841/462458816_zpid/
Sun May 10 2026 00:00:00 GMT-0500 (Central Daylight Time),L - 1447,LC - 9572,ZS-0251,FOR_SALE,16,341,15,https://www.zillow.com/homedetails/40-Red-Maple-Ct-LOT-50-52-North-Augusta-SC-29841/462458816_zpid/
Sat May 09 2026 00:00:00 GMT-0500 (Central Daylight Time),L - 1447,LC - 9572,ZS-0232,FOR_SALE,15,335,14,https://www.zillow.com/homedetails/40-Red-Maple-Ct-LOT-50-52-North-Augusta-SC-29841/462458816_zpid/
Fri May 08 2026 00:00:00 GMT-0500 (Central Daylight Time),L - 1447,LC - 9572,ZS-0213,FOR_SALE,14,329,13,https://www.zillow.com/homedetails/40-Red-Maple-Ct-LOT-50-52-North-Augusta-SC-29841/462458816_zpid/
Thu May 07 2026 00:00:00 GMT-0500 (Central Daylight Time),L - 1447,LC - 9572,ZS-0195,FOR_SALE,13,318,12,https://www.zillow.com/homedetails/40-Red-Maple-Ct-LOT-50-52-North-Augusta-SC-29841/462458816_zpid/
Wed May 06 2026 00:00:00 GMT-0500 (Central Daylight Time),L - 1447,LC - 9572,ZS-0177,FOR_SALE,12,284,12,https://www.zillow.com/homedetails/40-Red-Maple-Ct-LOT-50-52-North-Augusta-SC-29841/462458816_zpid/
Tue May 05 2026 00:00:00 GMT-0500 (Central Daylight Time),L - 1447,LC - 9572,ZS-0159,FOR_SALE,11,279,12,https://www.zillow.com/homedetails/40-Red-Maple-Ct-LOT-50-52-North-Augusta-SC-29841/462458816_zpid/
Mon May 04 2026 00:00:00 GMT-0500 (Central Daylight Time),L - 1447,LC - 9572,ZS-0140,FOR_SALE,10,269,12,https://www.zillow.com/homedetails/40-Red-Maple-Ct-LOT-50-52-North-Augusta-SC-29841/462458816_zpid/
Sun May 03 2026 00:00:00 GMT-0500 (Central Daylight Time),L - 1447,LC - 9572,ZS-0121,FOR_SALE,9,255,12,https://www.zillow.com/homedetails/40-Red-Maple-Ct-LOT-50-52-North-Augusta-SC-29841/462458816_zpid/
Sat May 02 2026 00:00:00 GMT-0500 (Central Daylight Time),L - 1447,LC - 9572,ZS-0102,FOR_SALE,8,235,9,https://www.zillow.com/homedetails/40-Red-Maple-Ct-LOT-50-52-North-Augusta-SC-29841/462458816_zpid/
Fri May 01 2026 00:00:00 GMT-0500 (Central Daylight Time),L - 1447,LC - 9572,ZS-0083,FOR_SALE,7,219,9,https://www.zillow.com/homedetails/40-Red-Maple-Ct-LOT-50-52-North-Augusta-SC-29841/462458816_zpid/
Thu Apr 30 2026 00:00:00 GMT-0500 (Central Daylight Time),L - 1447,LC - 9572,ZS-0064,FOR_SALE,6,205,8,https://www.zillow.com/homedetails/40-Red-Maple-Ct-LOT-50-52-North-Augusta-SC-29841/462458816_zpid/
Wed Apr 29 2026 00:00:00 GMT-0500 (Central Daylight Time),L - 1447,LC - 9572,ZS-0043,FOR_SALE,5,192,8,https://www.zillow.com/homedetails/40-Red-Maple-Ct-LOT-50-52-North-Augusta-SC-29841/462458816_zpid/
Tue Apr 28 2026 00:00:00 GMT-0500 (Central Daylight Time),L - 1447,LC - 9572,ZS-0022,FOR_SALE,4,163,7,https://www.zillow.com/homedetails/40-Red-Maple-Ct-LOT-50-52-North-Augusta-SC-29841/462458816_zpid/
Wed May 20 2026 00:00:00 GMT-0500 (Central Daylight Time),L - 1450,LC - 9584,ZS-0429,FOR_SALE,12,120,2,https://www.zillow.com/homedetails/0-Sacred-Cove-Dr-Clyde-NC-28721/446059834_zpid/
Tue May 19 2026 00:00:00 GMT-0500 (Central Daylight Time),L - 1450,LC - 9584,ZS-0412,FOR_SALE,11,114,2,https://www.zillow.com/homedetails/0-Sacred-Cove-Dr-Clyde-NC-28721/446059834_zpid/
Mon May 18 2026 00:00:00 GMT-0500 (Central Daylight Time),L - 1450,LC - 9584,ZS-0394,FOR_SALE,10,110,2,https://www.zillow.com/homedetails/0-Sacred-Cove-Dr-Clyde-NC-28721/446059834_zpid/
Sun May 17 2026 00:00:00 GMT-0500 (Central Daylight Time),L - 1450,LC - 9584,ZS-0377,FOR_SALE,9,96,2,https://www.zillow.com/homedetails/0-Sacred-Cove-Dr-Clyde-NC-28721/446059834_zpid/
Sat May 16 2026 00:00:00 GMT-0500 (Central Daylight Time),L - 1450,LC - 9584,ZS-0360,FOR_SALE,8,91,2,https://www.zillow.com/homedetails/0-Sacred-Cove-Dr-Clyde-NC-28721/446059834_zpid/
Fri May 15 2026 00:00:00 GMT-0500 (Central Daylight Time),L - 1450,LC - 9584,ZS-0343,FOR_SALE,7,89,2,https://www.zillow.com/homedetails/0-Sacred-Cove-Dr-Clyde-NC-28721/446059834_zpid/
Thu May 14 2026 00:00:00 GMT-0500 (Central Daylight Time),L - 1450,LC - 9584,ZS-0326,FOR_SALE,6,107,2,https://www.zillow.com/homedetails/0-Sacred-Cove-Dr-Clyde-NC-28721/446059834_zpid/
Wed May 13 2026 00:00:00 GMT-0500 (Central Daylight Time),L - 1450,LC - 9584,ZS-0308,FOR_SALE,5,80,2,https://www.zillow.com/homedetails/0-Sacred-Cove-Dr-Clyde-NC-28721/446059834_zpid/
Tue May 12 2026 00:00:00 GMT-0500 (Central Daylight Time),L - 1450,LC - 9584,ZS-0290,FOR_SALE,4,71,2,https://www.zillow.com/homedetails/0-Sacred-Cove-Dr-Clyde-NC-28721/446059834_zpid/
Mon May 11 2026 00:00:00 GMT-0500 (Central Daylight Time),L - 1450,LC - 9584,ZS-0271,FOR_SALE,3,61,2,https://www.zillow.com/homedetails/0-Sacred-Cove-Dr-Clyde-NC-28721/446059834_zpid/
Sun May 10 2026 00:00:00 GMT-0500 (Central Daylight Time),L - 1450,LC - 9584,ZS-0253,FOR_SALE,2,52,2,https://www.zillow.com/homedetails/0-Sacred-Cove-Dr-Clyde-NC-28721/446059834_zpid/
Sat May 09 2026 00:00:00 GMT-0500 (Central Daylight Time),L - 1450,LC - 9584,ZS-0234,FOR_SALE,1,33,0,https://www.zillow.com/homedetails/0-Sacred-Cove-Dr-Clyde-NC-28721/446059834_zpid/
Fri May 08 2026 00:00:00 GMT-0500 (Central Daylight Time),L - 1450,LC - 9584,ZS-0215,FOR_SALE,0,14,0,https://www.zillow.com/homedetails/0-Sacred-Cove-Dr-Clyde-NC-28721/446059834_zpid/
Wed May 20 2026 00:00:00 GMT-0500 (Central Daylight Time),L - 1448,LC - 9580,ZS-0428,FOR_SALE,22,131,19,https://www.zillow.com/homedetails/0-Madge-Marsh-Ln-Heathsville-VA-22473/415386439_zpid/
Tue May 19 2026 00:00:00 GMT-0500 (Central Daylight Time),L - 1448,LC - 9580,ZS-0411,FOR_SALE,21,127,18,https://www.zillow.com/homedetails/0-Madge-Marsh-Ln-Heathsville-VA-22473/415386439_zpid/
Mon May 18 2026 00:00:00 GMT-0500 (Central Daylight Time),L - 1448,LC - 9580,ZS-0393,FOR_SALE,20,123,18,https://www.zillow.com/homedetails/0-Madge-Marsh-Ln-Heathsville-VA-22473/415386439_zpid/
Sun May 17 2026 00:00:00 GMT-0500 (Central Daylight Time),L - 1448,LC - 9580,ZS-0376,FOR_SALE,19,118,17,https://www.zillow.com/homedetails/0-Madge-Marsh-Ln-Heathsville-VA-22473/415386439_zpid/
Sat May 16 2026 00:00:00 GMT-0500 (Central Daylight Time),L - 1448,LC - 9580,ZS-0359,FOR_SALE,18,113,17,https://www.zillow.com/homedetails/0-Madge-Marsh-Ln-Heathsville-VA-22473/415386439_zpid/
Fri May 15 2026 00:00:00 GMT-0500 (Central Daylight Time),L - 1448,LC - 9580,ZS-0342,FOR_SALE,17,112,16,https://www.zillow.com/homedetails/0-Madge-Marsh-Ln-Heathsville-VA-22473/415386439_zpid/
Thu May 14 2026 00:00:00 GMT-0500 (Central Daylight Time),L - 1448,LC - 9580,ZS-0325,FOR_SALE,16,100,15,https://www.zillow.com/homedetails/0-Madge-Marsh-Ln-Heathsville-VA-22473/415386439_zpid/
Wed May 13 2026 00:00:00 GMT-0500 (Central Daylight Time),L - 1448,LC - 9580,ZS-0307,FOR_SALE,15,90,15,https://www.zillow.com/homedetails/0-Madge-Marsh-Ln-Heathsville-VA-22473/415386439_zpid/
Tue May 12 2026 00:00:00 GMT-0500 (Central Daylight Time),L - 1448,LC - 9580,ZS-0289,FOR_SALE,14,85,14,https://www.zillow.com/homedetails/0-Madge-Marsh-Ln-Heathsville-VA-22473/415386439_zpid/
Mon May 11 2026 00:00:00 GMT-0500 (Central Daylight Time),L - 1448,LC - 9580,ZS-0270,FOR_SALE,13,76,13,https://www.zillow.com/homedetails/0-Madge-Marsh-Ln-Heathsville-VA-22473/415386439_zpid/
Sun May 10 2026 00:00:00 GMT-0500 (Central Daylight Time),L - 1448,LC - 9580,ZS-0252,FOR_SALE,12,69,12,https://www.zillow.com/homedetails/0-Madge-Marsh-Ln-Heathsville-VA-22473/415386439_zpid/
Sat May 09 2026 00:00:00 GMT-0500 (Central Daylight Time),L - 1448,LC - 9580,ZS-0233,FOR_SALE,11,68,12,https://www.zillow.com/homedetails/0-Madge-Marsh-Ln-Heathsville-VA-22473/415386439_zpid/
Fri May 08 2026 00:00:00 GMT-0500 (Central Daylight Time),L - 1448,LC - 9580,ZS-0214,FOR_SALE,10,65,12,https://www.zillow.com/homedetails/0-Madge-Marsh-Ln-Heathsville-VA-22473/415386439_zpid/
Thu May 07 2026 00:00:00 GMT-0500 (Central Daylight Time),L - 1448,LC - 9580,ZS-0196,FOR_SALE,9,111,12,https://www.zillow.com/homedetails/0-Madge-Marsh-Ln-Heathsville-VA-22473/415386439_zpid/
Wed May 06 2026 00:00:00 GMT-0500 (Central Daylight Time),L - 1448,LC - 9580,ZS-0178,FOR_SALE,8,94,10,https://www.zillow.com/homedetails/0-Madge-Marsh-Ln-Heathsville-VA-22473/415386439_zpid/
Tue May 05 2026 00:00:00 GMT-0500 (Central Daylight Time),L - 1448,LC - 9580,ZS-0160,FOR_SALE,7,86,9,https://www.zillow.com/homedetails/0-Madge-Marsh-Ln-Heathsville-VA-22473/415386439_zpid/
Mon May 04 2026 00:00:00 GMT-0500 (Central Daylight Time),L - 1448,LC - 9580,ZS-0141,FOR_SALE,6,82,8,https://www.zillow.com/homedetails/0-Madge-Marsh-Ln-Heathsville-VA-22473/415386439_zpid/
Sun May 03 2026 00:00:00 GMT-0500 (Central Daylight Time),L - 1448,LC - 9580,ZS-0122,FOR_SALE,5,79,8,https://www.zillow.com/homedetails/0-Madge-Marsh-Ln-Heathsville-VA-22473/415386439_zpid/
Sat May 02 2026 00:00:00 GMT-0500 (Central Daylight Time),L - 1448,LC - 9580,ZS-0103,FOR_SALE,4,75,7,https://www.zillow.com/homedetails/0-Madge-Marsh-Ln-Heathsville-VA-22473/415386439_zpid/
Fri May 01 2026 00:00:00 GMT-0500 (Central Daylight Time),L - 1448,LC - 9580,ZS-0084,FOR_SALE,3,68,7,https://www.zillow.com/homedetails/0-Madge-Marsh-Ln-Heathsville-VA-22473/415386439_zpid/
Thu Apr 30 2026 00:00:00 GMT-0500 (Central Daylight Time),L - 1448,LC - 9580,ZS-0065,FOR_SALE,2,58,7,https://www.zillow.com/homedetails/0-Madge-Marsh-Ln-Heathsville-VA-22473/415386439_zpid/
Wed Apr 29 2026 00:00:00 GMT-0500 (Central Daylight Time),L - 1448,LC - 9580,ZS-0044,FOR_SALE,1,37,5,https://www.zillow.com/homedetails/0-Madge-Marsh-Ln-Heathsville-VA-22473/415386439_zpid/
Wed May 20 2026 00:00:00 GMT-0500 (Central Daylight Time),L - 1451,LC - 9600,ZS-0430,FOR_SALE,5,87,1,https://www.zillow.com/homedetails/10889-Laplata-Rd-La-Plata-MD-20646/98542874_zpid/
Tue May 19 2026 00:00:00 GMT-0500 (Central Daylight Time),L - 1451,LC - 9600,ZS-0413,FOR_SALE,4,72,1,https://www.zillow.com/homedetails/10889-Laplata-Rd-La-Plata-MD-20646/98542874_zpid/
Mon May 18 2026 00:00:00 GMT-0500 (Central Daylight Time),L - 1451,LC - 9600,ZS-0396,FOR_SALE,3,63,1,https://www.zillow.com/homedetails/10889-Laplata-Rd-La-Plata-MD-20646/98542874_zpid/
Wed May 20 2026 00:00:00 GMT-0500 (Central Daylight Time),L - 1452,LC - 9603,ZS-0431,FOR_SALE,10,777,51,https://www.zillow.com/homedetails/Pressie-Ln-Churchville-MD-21028/36953391_zpid/
Tue May 19 2026 00:00:00 GMT-0500 (Central Daylight Time),L - 1452,LC - 9603,ZS-0414,FOR_SALE,9,721,49,https://www.zillow.com/homedetails/Pressie-Ln-Churchville-MD-21028/36953391_zpid/
Mon May 18 2026 00:00:00 GMT-0500 (Central Daylight Time),L - 1452,LC - 9603,ZS-0395,FOR_SALE,8,669,46,https://www.zillow.com/homedetails/Pressie-Ln-Churchville-MD-21028/36953391_zpid/
Sun May 17 2026 00:00:00 GMT-0500 (Central Daylight Time),L - 1452,LC - 9603,ZS-0378,FOR_SALE,7,605,42,https://www.zillow.com/homedetails/Pressie-Ln-Churchville-MD-21028/36953391_zpid/
Sat May 16 2026 00:00:00 GMT-0500 (Central Daylight Time),L - 1452,LC - 9603,ZS-0361,FOR_SALE,6,553,39,https://www.zillow.com/homedetails/Pressie-Ln-Churchville-MD-21028/36953391_zpid/
Fri May 15 2026 00:00:00 GMT-0500 (Central Daylight Time),L - 1452,LC - 9603,ZS-0344,FOR_SALE,5,500,35,https://www.zillow.com/homedetails/Pressie-Ln-Churchville-MD-21028/36953391_zpid/
Thu May 14 2026 00:00:00 GMT-0500 (Central Daylight Time),L - 1452,LC - 9603,ZS-0327,FOR_SALE,4,448,27,https://www.zillow.com/homedetails/Pressie-Ln-Churchville-MD-21028/36953391_zpid/
Wed May 13 2026 00:00:00 GMT-0500 (Central Daylight Time),L - 1452,LC - 9603,ZS-0309,FOR_SALE,3,364,24,https://www.zillow.com/homedetails/Pressie-Ln-Churchville-MD-21028/36953391_zpid/
Tue May 12 2026 00:00:00 GMT-0500 (Central Daylight Time),L - 1452,LC - 9603,ZS-0291,FOR_SALE,2,244,22,https://www.zillow.com/homedetails/Pressie-Ln-Churchville-MD-21028/36953391_zpid/
Mon May 11 2026 00:00:00 GMT-0500 (Central Daylight Time),L - 1452,LC - 9603,ZS-0272,FOR_SALE,1,118,11,https://www.zillow.com/homedetails/Pressie-Ln-Churchville-MD-21028/36953391_zpid/